network_code,receiver_code,receiver_type,receiver_latitude,receiver_longitude,receiver_elevation_m,source_id,source_origin_time,source_latitude,source_longitude,source_depth_km,source_magnitude,source_distance_km,trace_name,trace_category
IU,ANMO,seismometer,34.9459,-106.4572,1850.0,smi:service.iris.edu/fdsnws/event/1/query?eventid=11519573,2021-12-30T21:17:58.086000Z,-28.861,-176.5289,10.0,4.9,0.05061306436527931,data/earthquake/quake_0.mseed,earthquake
IU,ANMO,seismometer,34.9459,-106.4572,1850.0,smi:service.iris.edu/fdsnws/event/1/query?eventid=11519574,2021-12-30T21:08:17.603000Z,-3.756,151.2407,2.74,4.5,0.05510414104565459,data/earthquake/quake_1.mseed,earthquake
IU,ANMO,seismometer,34.9459,-106.4572,1850.0,smi:service.iris.edu/fdsnws/event/1/query?eventid=11515827,2021-12-30T19:29:09.126000Z,-29.0443,-176.0762,10.0,4.7,0.050405942520948856,data/earthquake/quake_2.mseed,earthquake
IU,ANMO,seismometer,34.9459,-106.4572,1850.0,smi:service.iris.edu/fdsnws/event/1/query?eventid=11511901,2021-12-30T19:19:29.687000Z,-28.7732,-176.3468,10.0,5.1,0.05052633014103213,data/earthquake/quake_3.mseed,earthquake
IU,ANMO,seismometer,34.9459,-106.4572,1850.0,smi:service.iris.edu/fdsnws/event/1/query?eventid=11511933,2021-12-30T19:19:16.109000Z,33.1948,142.5877,10.0,4.5,0.05008084090101045,data/earthquake/quake_4.mseed,earthquake
IU,ANMO,seismometer,34.9459,-106.4572,1850.0,smi:service.iris.edu/fdsnws/event/1/query?eventid=11511916,2021-12-30T18:31:32.862000Z,0.1856,96.6595,10.0,4.6,0.02907956248730409,data/earthquake/quake_5.mseed,earthquake
IU,ANMO,seismometer,34.9459,-106.4572,1850.0,smi:service.iris.edu/fdsnws/event/1/query?eventid=11515749,2021-12-30T18:09:04.815000Z,-20.0442,66.5114,10.0,4.7,0.33927926038772843,data/earthquake/quake_6.mseed,earthquake
IU,ANMO,seismometer,34.9459,-106.4572,1850.0,smi:service.iris.edu/fdsnws/event/1/query?eventid=11511854,2021-12-30T16:09:36.142000Z,-0.3514,98.7661,42.38,4.6,0.031436011485792566,data/earthquake/quake_7.mseed,earthquake
IU,ANMO,seismometer,34.9459,-106.4572,1850.0,smi:service.iris.edu/fdsnws/event/1/query?eventid=11511848,2021-12-30T14:56:26.741000Z,-2.8413,128.8616,35.0,4.7,0.05083656814229562,data/earthquake/quake_8.mseed,earthquake
IU,ANMO,seismometer,34.9459,-106.4572,1850.0,smi:service.iris.edu/fdsnws/event/1/query?eventid=11517368,2021-12-30T14:11:58.039000Z,-59.4709,-25.7173,37.66,4.7,0.2964169880964158,data/earthquake/quake_9.mseed,earthquake
IU,ANMO,seismometer,34.9459,-106.4572,1850.0,smi:service.iris.edu/fdsnws/event/1/query?eventid=11511821,2021-12-30T13:13:17.562000Z,-0.0798,125.2498,42.0,5.5,0.04833111593585895,data/earthquake/quake_10.mseed,earthquake
IU,ANMO,seismometer,34.9459,-106.4572,1850.0,smi:service.iris.edu/fdsnws/event/1/query?eventid=11511794,2021-12-30T09:39:01.719000Z,-20.096,66.564,10.0,4.7,0.3393569904044909,data/earthquake/quake_11.mseed,earthquake
IU,ANMO,seismometer,34.9459,-106.4572,1850.0,smi:service.iris.edu/fdsnws/event/1/query?eventid=11511782,2021-12-30T08:45:35.795000Z,25.268,125.6668,10.61,4.9,0.04140233842464741,data/earthquake/quake_12.mseed,earthquake
IU,ANMO,seismometer,34.9459,-106.4572,1850.0,smi:service.iris.edu/fdsnws/event/1/query?eventid=11511754,2021-12-30T06:47:09.128000Z,23.9502,122.4911,23.7,5.3,0.03975272225253275,data/earthquake/quake_13.mseed,earthquake
IU,ANMO,seismometer,34.9459,-106.4572,1850.0,smi:service.iris.edu/fdsnws/event/1/query?eventid=11511726,2021-12-30T04:58:15.620000Z,-55.8967,-28.0826,38.0,5.7,0.2995415957470369,data/earthquake/quake_14.mseed,earthquake
IU,ANMO,seismometer,34.9459,-106.4572,1850.0,smi:service.iris.edu/fdsnws/event/1/query?eventid=11521147,2021-12-30T01:35:12.932000Z,-4.1536,128.4244,31.49,4.6,0.05129892759039885,data/earthquake/quake_15.mseed,earthquake
IU,ANMO,seismometer,34.9459,-106.4572,1850.0,smi:service.iris.edu/fdsnws/event/1/query?eventid=11517284,2021-12-29T23:20:26.276000Z,23.8625,-45.9713,10.0,4.5,0.2967588432405897,data/earthquake/quake_16.mseed,earthquake
IU,ANMO,seismometer,34.9459,-106.4572,1850.0,smi:service.iris.edu/fdsnws/event/1/query?eventid=11511635,2021-12-29T21:30:22.185000Z,36.9982,94.6585,10.0,5.0,0.017803843896890242,data/earthquake/quake_17.mseed,earthquake
IU,ANMO,seismometer,34.9459,-106.4572,1850.0,smi:service.iris.edu/fdsnws/event/1/query?eventid=11515694,2021-12-29T19:51:17.777000Z,-8.2457,148.9127,37.54,4.6,0.055970037547264095,data/earthquake/quake_18.mseed,earthquake
IU,ANMO,seismometer,34.9459,-106.4572,1850.0,smi:service.iris.edu/fdsnws/event/1/query?eventid=11515674,2021-12-29T19:08:19.232000Z,29.9056,80.3449,10.0,4.5,0.00612434595528029,data/earthquake/quake_19.mseed,earthquake
IU,ANMO,seismometer,34.9459,-106.4572,1850.0,smi:service.iris.edu/fdsnws/event/1/query?eventid=11511571,2021-12-29T17:58:34.108000Z,25.0697,123.3253,10.0,4.7,0.040064775955083516,data/earthquake/quake_20.mseed,earthquake
IU,ANMO,seismometer,34.9459,-106.4572,1850.0,smi:service.iris.edu/fdsnws/event/1/query?eventid=11511553,2021-12-29T17:39:17.457000Z,25.093,123.2684,12.44,4.5,0.040027312100767175,data/earthquake/quake_21.mseed,earthquake
IU,ANMO,seismometer,34.9459,-106.4572,1850.0,smi:service.iris.edu/fdsnws/event/1/query?eventid=11511689,2021-12-29T16:35:27.555000Z,54.7622,170.6617,35.11,4.5,0.073015150919671,data/earthquake/quake_22.mseed,earthquake
IU,ANMO,seismometer,34.9459,-106.4572,1850.0,smi:service.iris.edu/fdsnws/event/1/query?eventid=11511490,2021-12-29T13:58:30.793000Z,85.1788,93.2356,10.0,5.0,0.018671581033496552,data/earthquake/quake_23.mseed,earthquake
IU,ANMO,seismometer,34.9459,-106.4572,1850.0,smi:service.iris.edu/fdsnws/event/1/query?eventid=11511480,2021-12-29T11:33:56.416000Z,31.0448,142.3616,10.0,4.6,0.049879742743226076,data/earthquake/quake_24.mseed,earthquake
IU,ANMO,seismometer,34.9459,-106.4572,1850.0,smi:service.iris.edu/fdsnws/event/1/query?eventid=11511446,2021-12-29T09:28:57.674000Z,54.5257,170.6153,8.66,5.0,0.07284265021352056,data/earthquake/quake_25.mseed,earthquake
IU,ANMO,seismometer,34.9459,-106.4572,1850.0,smi:service.iris.edu/fdsnws/event/1/query?eventid=11521008,2021-12-29T08:12:09.236000Z,-7.9403,-75.5357,47.0,4.6,0.3274694937757042,data/earthquake/quake_26.mseed,earthquake
IU,ANMO,seismometer,34.9459,-106.4572,1850.0,smi:service.iris.edu/fdsnws/event/1/query?eventid=11521293,2021-12-29T04:15:23.218000Z,54.6722,170.7466,10.0,4.6,0.07302233014438793,data/earthquake/quake_27.mseed,earthquake
IU,ANMO,seismometer,34.9459,-106.4572,1850.0,smi:service.iris.edu/fdsnws/event/1/query?eventid=11511378,2021-12-29T04:13:10.878000Z,54.6187,170.7994,10.0,4.8,0.07302818606219036,data/earthquake/quake_28.mseed,earthquake
IU,ANMO,seismometer,34.9459,-106.4572,1850.0,smi:service.iris.edu/fdsnws/event/1/query?eventid=11511374,2021-12-29T03:57:32.860000Z,54.6216,170.6454,10.0,5.6,0.07292051348977766,data/earthquake/quake_29.mseed,earthquake
IU,ANMO,seismometer,34.9459,-106.4572,1850.0,smi:service.iris.edu/fdsnws/event/1/query?eventid=11511304,2021-12-28T20:22:22.422000Z,-1.0513,-77.9027,34.05,4.6,0.3260683247590325,data/earthquake/quake_30.mseed,earthquake
IU,ANMO,seismometer,34.9459,-106.4572,1850.0,smi:service.iris.edu/fdsnws/event/1/query?eventid=11511275,2021-12-28T19:53:17.290000Z,-13.2388,167.8641,10.0,5.1,0.055161286837852826,data/earthquake/quake_31.mseed,earthquake
IU,ANMO,seismometer,34.9459,-106.4572,1850.0,smi:service.iris.edu/fdsnws/event/1/query?eventid=11521058,2021-12-28T18:46:23.058000Z,-57.6313,-25.4368,22.28,4.5,0.29696560659351295,data/earthquake/quake_32.mseed,earthquake
IU,ANMO,seismometer,34.9459,-106.4572,1850.0,smi:service.iris.edu/fdsnws/event/1/query?eventid=11511257,2021-12-28T17:55:15.984000Z,3.5276,63.8864,10.0,4.7,0.34760942490449376,data/earthquake/quake_33.mseed,earthquake
IU,ANMO,seismometer,34.9459,-106.4572,1850.0,smi:service.iris.edu/fdsnws/event/1/query?eventid=11511233,2021-12-28T16:40:47.570000Z,-41.6717,174.2047,10.0,4.5,0.05689360783152193,data/earthquake/quake_34.mseed,earthquake
IU,ANMO,seismometer,34.9459,-106.4572,1850.0,smi:service.iris.edu/fdsnws/event/1/query?eventid=11511223,2021-12-28T15:56:37.785000Z,-41.747,174.1996,10.15,4.5,0.05691392080029881,data/earthquake/quake_35.mseed,earthquake
IU,ANMO,seismometer,34.9459,-106.4572,1850.0,smi:service.iris.edu/fdsnws/event/1/query?eventid=11515221,2021-12-28T15:19:25.702000Z,50.5026,143.7494,10.0,4.5,0.053079249058008,data/earthquake/quake_36.mseed,earthquake
IU,ANMO,seismometer,34.9459,-106.4572,1850.0,smi:service.iris.edu/fdsnws/event/1/query?eventid=11514988,2021-12-28T14:52:02.470000Z,-24.4024,-115.6804,10.0,4.6,0.008776843993283705,data/earthquake/quake_37.mseed,earthquake
IU,ANMO,seismometer,34.9459,-106.4572,1850.0,smi:service.iris.edu/fdsnws/event/1/query?eventid=11514953,2021-12-28T14:08:43.110000Z,-18.5794,-173.612,28.98,4.8,0.04970034088627713,data/earthquake/quake_38.mseed,earthquake
IU,ANMO,seismometer,34.9459,-106.4572,1850.0,smi:service.iris.edu/fdsnws/event/1/query?eventid=11514948,2021-12-28T13:41:58.495000Z,-17.1231,-175.83,10.0,4.5,0.05065878830148958,data/earthquake/quake_39.mseed,earthquake
IU,ANMO,seismometer,34.9459,-106.4572,1850.0,smi:service.iris.edu/fdsnws/event/1/query?eventid=11511181,2021-12-28T11:06:47.215000Z,-2.0119,68.1568,10.0,4.6,0.35202080225181465,data/earthquake/quake_40.mseed,earthquake
IU,ANMO,seismometer,34.9459,-106.4572,1850.0,smi:service.iris.edu/fdsnws/event/1/query?eventid=11511149,2021-12-28T07:06:18.347000Z,8.3915,93.9481,36.63,4.7,0.022732445798123647,data/earthquake/quake_41.mseed,earthquake
IU,ANMO,seismometer,34.9459,-106.4572,1850.0,smi:service.iris.edu/fdsnws/event/1/query?eventid=11511148,2021-12-28T07:05:49.232000Z,-4.6844,128.9607,10.0,4.7,0.05170622035899561,data/earthquake/quake_42.mseed,earthquake
IU,ANMO,seismometer,34.9459,-106.4572,1850.0,smi:service.iris.edu/fdsnws/event/1/query?eventid=11519567,2021-12-27T23:12:06.723000Z,3.0443,93.9341,10.0,4.5,0.024860167023214388,data/earthquake/quake_43.mseed,earthquake
IU,ANMO,seismometer,34.9459,-106.4572,1850.0,smi:service.iris.edu/fdsnws/event/1/query?eventid=11511028,2021-12-27T20:13:18.353000Z,22.9337,94.1653,40.41,4.7,0.019200969226077915,data/earthquake/quake_44.mseed,earthquake
IU,ANMO,seismometer,34.9459,-106.4572,1850.0,smi:service.iris.edu/fdsnws/event/1/query?eventid=11511026,2021-12-27T19:44:55.053000Z,-22.5398,170.0451,10.0,4.7,0.05542125327108778,data/earthquake/quake_45.mseed,earthquake
IU,ANMO,seismometer,34.9459,-106.4572,1850.0,smi:service.iris.edu/fdsnws/event/1/query?eventid=11514940,2021-12-27T16:06:49.909000Z,-57.9758,-25.4902,35.0,4.6,0.29686515404301617,data/earthquake/quake_46.mseed,earthquake
IU,ANMO,seismometer,34.9459,-106.4572,1850.0,smi:service.iris.edu/fdsnws/event/1/query?eventid=11514938,2021-12-27T15:56:01.587000Z,-6.7276,150.716,10.0,4.6,0.055666321374041074,data/earthquake/quake_47.mseed,earthquake
IU,ANMO,seismometer,34.9459,-106.4572,1850.0,smi:service.iris.edu/fdsnws/event/1/query?eventid=11510973,2021-12-27T13:37:24.003000Z,35.6073,74.9802,10.0,4.8,0.0012464986224801748,data/earthquake/quake_48.mseed,earthquake
IU,ANMO,seismometer,34.9459,-106.4572,1850.0,smi:service.iris.edu/fdsnws/event/1/query?eventid=11510970,2021-12-27T13:31:04.385000Z,35.5622,74.8131,10.0,5.2,0.0011019188531524264,data/earthquake/quake_49.mseed,earthquake
IU,ANMO,seismometer,34.9459,-106.4572,1850.0,smi:service.iris.edu/fdsnws/event/1/query?eventid=11515579,2021-12-27T12:27:55.278000Z,-49.7176,125.7843,10.0,4.6,0.09134428443336082,data/earthquake/quake_50.mseed,earthquake
IU,ANMO,seismometer,34.9459,-106.4572,1850.0,smi:service.iris.edu/fdsnws/event/1/query?eventid=11515574,2021-12-27T11:58:33.655000Z,-59.3508,-25.5419,21.33,4.7,0.29633501380102706,data/earthquake/quake_51.mseed,earthquake
IU,ANMO,seismometer,34.9459,-106.4572,1850.0,smi:service.iris.edu/fdsnws/event/1/query?eventid=11510958,2021-12-27T11:34:12.767000Z,-21.4432,-173.9028,10.0,5.4,0.049598623289831126,data/earthquake/quake_52.mseed,earthquake
IU,ANMO,seismometer,34.9459,-106.4572,1850.0,smi:service.iris.edu/fdsnws/event/1/query?eventid=11510952,2021-12-27T09:44:06.285000Z,-34.8911,-108.113,10.0,5.0,0.0014531768501680632,data/earthquake/quake_53.mseed,earthquake
IU,ANMO,seismometer,34.9459,-106.4572,1850.0,smi:service.iris.edu/fdsnws/event/1/query?eventid=11510941,2021-12-27T08:32:20.521000Z,-6.6646,104.3204,36.25,4.9,0.04058131014107943,data/earthquake/quake_54.mseed,earthquake
IU,ANMO,seismometer,34.9459,-106.4572,1850.0,smi:service.iris.edu/fdsnws/event/1/query?eventid=11510934,2021-12-27T07:31:55.746000Z,27.7128,56.19,10.0,4.8,0.34436114468761664,data/earthquake/quake_55.mseed,earthquake
IU,ANMO,seismometer,34.9459,-106.4572,1850.0,smi:service.iris.edu/fdsnws/event/1/query?eventid=11510929,2021-12-27T06:54:36.369000Z,44.1836,-128.9824,10.0,4.6,0.11033229837247646,data/earthquake/quake_56.mseed,earthquake
IU,ANMO,seismometer,34.9459,-106.4572,1850.0,smi:service.iris.edu/fdsnws/event/1/query?eventid=11515924,2021-12-27T03:47:16.117000Z,-30.3909,-177.1597,10.0,4.6,0.050961952157522944,data/earthquake/quake_57.mseed,earthquake
IU,ANMO,seismometer,34.9459,-106.4572,1850.0,smi:service.iris.edu/fdsnws/event/1/query?eventid=11518622,2021-12-26T21:51:08.107000Z,-3.6675,149.3342,10.0,4.5,0.05495389642900515,data/earthquake/quake_58.mseed,earthquake
IU,ANMO,seismometer,34.9459,-106.4572,1850.0,smi:service.iris.edu/fdsnws/event/1/query?eventid=11515168,2021-12-26T19:01:24.161000Z,35.056,26.9226,10.0,4.7,0.3231021486566557,data/earthquake/quake_59.mseed,earthquake
IU,ANMO,seismometer,34.9459,-106.4572,1850.0,smi:service.iris.edu/fdsnws/event/1/query?eventid=11510832,2021-12-26T18:59:02.711000Z,35.1923,26.9659,10.0,5.6,0.32314162538666524,data/earthquake/quake_60.mseed,earthquake
IU,ANMO,seismometer,34.9459,-106.4572,1850.0,smi:service.iris.edu/fdsnws/event/1/query?eventid=11510842,2021-12-26T18:43:31.297000Z,29.9182,-113.8046,10.0,4.7,0.04917449519818069,data/earthquake/quake_61.mseed,earthquake
IU,ANMO,seismometer,34.9459,-106.4572,1850.0,smi:service.iris.edu/fdsnws/event/1/query?eventid=11510827,2021-12-26T17:59:26.374000Z,-58.8853,-26.4229,48.36,5.1,0.2971889614708854,data/earthquake/quake_62.mseed,earthquake
IU,ANMO,seismometer,34.9459,-106.4572,1850.0,smi:service.iris.edu/fdsnws/event/1/query?eventid=11515157,2021-12-26T17:22:04.167000Z,-4.8206,130.6682,10.0,4.6,0.05224145962105525,data/earthquake/quake_63.mseed,earthquake
IU,ANMO,seismometer,34.9459,-106.4572,1850.0,smi:service.iris.edu/fdsnws/event/1/query?eventid=11514918,2021-12-26T16:46:10.592000Z,-56.9076,-25.2849,10.0,4.5,0.2971453716441146,data/earthquake/quake_64.mseed,earthquake
IU,ANMO,seismometer,34.9459,-106.4572,1850.0,smi:service.iris.edu/fdsnws/event/1/query?eventid=11514916,2021-12-26T16:14:48.307000Z,-19.8588,-173.967,35.0,4.6,0.049734621291298624,data/earthquake/quake_65.mseed,earthquake
IU,ANMO,seismometer,34.9459,-106.4572,1850.0,smi:service.iris.edu/fdsnws/event/1/query?eventid=11510817,2021-12-26T16:13:53.313000Z,38.1488,23.2005,10.0,4.5,0.32083772995017373,data/earthquake/quake_66.mseed,earthquake
IU,ANMO,seismometer,34.9459,-106.4572,1850.0,smi:service.iris.edu/fdsnws/event/1/query?eventid=11514904,2021-12-26T16:06:42.876000Z,12.6158,120.8404,10.0,4.6,0.04147260557301496,data/earthquake/quake_67.mseed,earthquake
IU,ANMO,seismometer,34.9459,-106.4572,1850.0,smi:service.iris.edu/fdsnws/event/1/query?eventid=11510811,2021-12-26T16:06:25.727000Z,14.3404,-91.2358,44.99,4.5,0.328918060362666,data/earthquake/quake_68.mseed,earthquake
IU,ANMO,seismometer,34.9459,-106.4572,1850.0,smi:service.iris.edu/fdsnws/event/1/query?eventid=11514897,2021-12-26T15:57:32.892000Z,24.8473,143.2994,10.0,4.7,0.050265377206871846,data/earthquake/quake_69.mseed,earthquake
IU,ANMO,seismometer,34.9459,-106.4572,1850.0,smi:service.iris.edu/fdsnws/event/1/query?eventid=11510805,2021-12-26T15:15:11.703000Z,35.1452,26.8939,10.0,5.1,0.3230902305345745,data/earthquake/quake_70.mseed,earthquake
IU,ANMO,seismometer,34.9459,-106.4572,1850.0,smi:service.iris.edu/fdsnws/event/1/query?eventid=11514079,2021-12-26T14:45:05.865000Z,-5.3911,151.7113,33.06,4.5,0.05542958540435208,data/earthquake/quake_71.mseed,earthquake
IU,ANMO,seismometer,34.9459,-106.4572,1850.0,smi:service.iris.edu/fdsnws/event/1/query?eventid=11510800,2021-12-26T14:09:13.621000Z,-4.5717,102.0135,41.43,4.6,0.037115518217721015,data/earthquake/quake_72.mseed,earthquake
IU,ANMO,seismometer,34.9459,-106.4572,1850.0,smi:service.iris.edu/fdsnws/event/1/query?eventid=11515571,2021-12-26T10:50:37.087000Z,53.6882,-34.5764,10.0,4.7,0.27980765073117736,data/earthquake/quake_73.mseed,earthquake
IU,ANMO,seismometer,34.9459,-106.4572,1850.0,smi:service.iris.edu/fdsnws/event/1/query?eventid=11515565,2021-12-26T10:49:03.441000Z,-9.6052,161.077,10.0,4.7,0.055799900285812484,data/earthquake/quake_74.mseed,earthquake
IU,ANMO,seismometer,34.9459,-106.4572,1850.0,smi:service.iris.edu/fdsnws/event/1/query?eventid=11510777,2021-12-26T10:39:26.551000Z,-9.6796,161.0093,10.0,4.7,0.05581446042039997,data/earthquake/quake_75.mseed,earthquake
IU,ANMO,seismometer,34.9459,-106.4572,1850.0,smi:service.iris.edu/fdsnws/event/1/query?eventid=11510768,2021-12-26T09:17:00.768000Z,25.0709,125.6841,19.92,4.6,0.04144060239264257,data/earthquake/quake_76.mseed,earthquake
IU,ANMO,seismometer,34.9459,-106.4572,1850.0,smi:service.iris.edu/fdsnws/event/1/query?eventid=11510763,2021-12-26T08:26:46.148000Z,25.2144,125.6104,10.0,5.9,0.04137762787519546,data/earthquake/quake_77.mseed,earthquake
IU,ANMO,seismometer,34.9459,-106.4572,1850.0,smi:service.iris.edu/fdsnws/event/1/query?eventid=11510752,2021-12-26T06:51:55.228000Z,31.2058,142.2465,10.0,4.8,0.04982770983787998,data/earthquake/quake_78.mseed,earthquake
IU,ANMO,seismometer,34.9459,-106.4572,1850.0,smi:service.iris.edu/fdsnws/event/1/query?eventid=11510749,2021-12-26T06:28:57.296000Z,52.4053,-31.753,10.0,4.6,0.2827553774321365,data/earthquake/quake_79.mseed,earthquake
IU,ANMO,seismometer,34.9459,-106.4572,1850.0,smi:service.iris.edu/fdsnws/event/1/query?eventid=11510743,2021-12-26T05:37:07.817000Z,-22.9221,172.1021,10.0,4.9,0.054801828191618565,data/earthquake/quake_80.mseed,earthquake
IU,ANMO,seismometer,34.9459,-106.4572,1850.0,smi:service.iris.edu/fdsnws/event/1/query?eventid=11510717,2021-12-26T02:22:53.267000Z,2.1321,126.624,26.42,5.3,0.047947214056468256,data/earthquake/quake_81.mseed,earthquake
IU,ANMO,seismometer,34.9459,-106.4572,1850.0,smi:service.iris.edu/fdsnws/event/1/query?eventid=11510701,2021-12-26T00:12:06.715000Z,16.1101,119.4327,10.0,4.9,0.03966090249745406,data/earthquake/quake_82.mseed,earthquake
IU,ANMO,seismometer,34.9459,-106.4572,1850.0,smi:service.iris.edu/fdsnws/event/1/query?eventid=11510688,2021-12-25T23:10:13.392000Z,54.7991,-157.8686,9.8,4.5,0.09770488115541358,data/earthquake/quake_83.mseed,earthquake
IU,ANMO,seismometer,34.9459,-106.4572,1850.0,smi:service.iris.edu/fdsnws/event/1/query?eventid=11510679,2021-12-25T21:48:54.186000Z,-2.8632,129.3935,10.0,4.8,0.05101082171937776,data/earthquake/quake_84.mseed,earthquake
IU,ANMO,seismometer,34.9459,-106.4572,1850.0,smi:service.iris.edu/fdsnws/event/1/query?eventid=11514783,2021-12-25T21:00:19.665000Z,-23.2175,-175.2591,10.0,4.9,0.05007933813124254,data/earthquake/quake_85.mseed,earthquake
IU,ANMO,seismometer,34.9459,-106.4572,1850.0,smi:service.iris.edu/fdsnws/event/1/query?eventid=11510663,2021-12-25T19:21:39.991000Z,-8.7804,67.4715,10.0,5.1,0.34903067956789013,data/earthquake/quake_86.mseed,earthquake
IU,ANMO,seismometer,34.9459,-106.4572,1850.0,smi:service.iris.edu/fdsnws/event/1/query?eventid=11510654,2021-12-25T18:26:32.497000Z,-57.121,-25.1638,39.29,4.9,0.2969718020158866,data/earthquake/quake_87.mseed,earthquake
IU,ANMO,seismometer,34.9459,-106.4572,1850.0,smi:service.iris.edu/fdsnws/event/1/query?eventid=11515135,2021-12-25T16:57:34.014000Z,-38.5114,-94.4043,10.0,4.5,0.3497086451956938,data/earthquake/quake_88.mseed,earthquake
IU,ANMO,seismometer,34.9459,-106.4572,1850.0,smi:service.iris.edu/fdsnws/event/1/query?eventid=11510627,2021-12-25T14:36:00.721000Z,-55.8701,-144.2273,10.0,5.4,0.030439383453722796,data/earthquake/quake_89.mseed,earthquake
IU,ANMO,seismometer,34.9459,-106.4572,1850.0,smi:service.iris.edu/fdsnws/event/1/query?eventid=11510613,2021-12-25T12:39:11.364000Z,-17.031,-173.4856,24.13,5.8,0.04980303804391889,data/earthquake/quake_90.mseed,earthquake
IU,ANMO,seismometer,34.9459,-106.4572,1850.0,smi:service.iris.edu/fdsnws/event/1/query?eventid=11519628,2021-12-25T12:06:44.948000Z,-7.6252,130.2753,32.94,4.6,0.053465235749481935,data/earthquake/quake_91.mseed,earthquake
IU,ANMO,seismometer,34.9459,-106.4572,1850.0,smi:service.iris.edu/fdsnws/event/1/query?eventid=11518750,2021-12-25T11:59:12.056000Z,23.1115,-44.9393,10.0,4.7,0.2973424185749574,data/earthquake/quake_92.mseed,earthquake
IU,ANMO,seismometer,34.9459,-106.4572,1850.0,smi:service.iris.edu/fdsnws/event/1/query?eventid=11518759,2021-12-25T09:32:31.891000Z,24.8206,126.6801,10.0,4.6,0.042042080806555845,data/earthquake/quake_93.mseed,earthquake
IU,ANMO,seismometer,34.9459,-106.4572,1850.0,smi:service.iris.edu/fdsnws/event/1/query?eventid=11510580,2021-12-25T09:20:12.389000Z,-36.3365,53.3368,10.0,5.4,0.2708950081166366,data/earthquake/quake_94.mseed,earthquake
IU,ANMO,seismometer,34.9459,-106.4572,1850.0,smi:service.iris.edu/fdsnws/event/1/query?eventid=11510559,2021-12-25T06:39:01.552000Z,30.314,67.4107,10.0,4.7,0.3544936964262163,data/earthquake/quake_95.mseed,earthquake
IU,ANMO,seismometer,34.9459,-106.4572,1850.0,smi:service.iris.edu/fdsnws/event/1/query?eventid=11515989,2021-12-25T05:23:41.249000Z,-58.221,-25.031,34.71,4.5,0.29642467374607157,data/earthquake/quake_96.mseed,earthquake
IU,ANMO,seismometer,34.9459,-106.4572,1850.0,smi:service.iris.edu/fdsnws/event/1/query?eventid=11519164,2021-12-24T23:46:05.815000Z,31.6019,141.5157,32.82,4.5,0.04947402064207233,data/earthquake/quake_97.mseed,earthquake
IU,ANMO,seismometer,34.9459,-106.4572,1850.0,smi:service.iris.edu/fdsnws/event/1/query?eventid=11519159,2021-12-24T21:58:19.994000Z,7.855,-82.1104,10.0,4.9,0.32385591611181186,data/earthquake/quake_98.mseed,earthquake
IU,ANMO,seismometer,34.9459,-106.4572,1850.0,smi:service.iris.edu/fdsnws/event/1/query?eventid=11510501,2021-12-24T21:39:23.840000Z,-58.0709,-23.0703,10.0,4.9,0.29503578500760386,data/earthquake/quake_99.mseed,earthquake
IU,ANMO,seismometer,34.9459,-106.4572,1850.0,smi:service.iris.edu/fdsnws/event/1/query?eventid=11519135,2021-12-24T21:38:26.265000Z,64.1718,-22.3259,10.0,4.5,0.28211406293166735,data/earthquake/quake_100.mseed,earthquake
IU,ANMO,seismometer,34.9459,-106.4572,1850.0,smi:service.iris.edu/fdsnws/event/1/query?eventid=11510497,2021-12-24T21:34:02.371000Z,-6.0823,142.4252,10.0,5.0,0.05491112631926626,data/earthquake/quake_101.mseed,earthquake
IU,ANMO,seismometer,34.9459,-106.4572,1850.0,smi:service.iris.edu/fdsnws/event/1/query?eventid=11510652,2021-12-24T17:58:56.965000Z,34.6134,73.1273,28.13,4.5,0.35963739937783845,data/earthquake/quake_102.mseed,earthquake
IU,ANMO,seismometer,34.9459,-106.4572,1850.0,smi:service.iris.edu/fdsnws/event/1/query?eventid=11515130,2021-12-24T15:03:24.444000Z,64.065,-22.1689,10.0,4.6,0.2823147878358406,data/earthquake/quake_103.mseed,earthquake
IU,ANMO,seismometer,34.9459,-106.4572,1850.0,smi:service.iris.edu/fdsnws/event/1/query?eventid=11510357,2021-12-24T14:02:29.788000Z,22.3326,101.6843,10.81,4.7,0.025605756986383028,data/earthquake/quake_104.mseed,earthquake
IU,ANMO,seismometer,34.9459,-106.4572,1850.0,smi:service.iris.edu/fdsnws/event/1/query?eventid=11510354,2021-12-24T13:43:23.127000Z,22.364,101.6752,10.85,5.7,0.02559166399308279,data/earthquake/quake_105.mseed,earthquake
IU,ANMO,seismometer,34.9459,-106.4572,1850.0,smi:service.iris.edu/fdsnws/event/1/query?eventid=11510339,2021-12-24T11:31:34.390000Z,18.869833,-155.234,11.89,4.87,0.0593084088100983,data/earthquake/quake_106.mseed,earthquake
IU,ANMO,seismometer,34.9459,-106.4572,1850.0,smi:service.iris.edu/fdsnws/event/1/query?eventid=11510334,2021-12-24T10:57:43.484000Z,14.8253,52.1809,10.0,5.3,0.33834427190881355,data/earthquake/quake_107.mseed,earthquake
IU,ANMO,seismometer,34.9459,-106.4572,1850.0,smi:service.iris.edu/fdsnws/event/1/query?eventid=11510311,2021-12-24T07:45:14.302000Z,-37.7734,-75.2744,10.0,4.5,0.33419576780281546,data/earthquake/quake_108.mseed,earthquake
IU,ANMO,seismometer,34.9459,-106.4572,1850.0,smi:service.iris.edu/fdsnws/event/1/query?eventid=11510289,2021-12-24T05:44:50.177000Z,29.9925,-113.7306,10.0,4.9,0.049313140592440706,data/earthquake/quake_109.mseed,earthquake
IU,ANMO,seismometer,34.9459,-106.4572,1850.0,smi:service.iris.edu/fdsnws/event/1/query?eventid=11510247,2021-12-24T01:41:22.595000Z,-54.1122,-136.6627,10.0,5.1,0.02447022548756911,data/earthquake/quake_110.mseed,earthquake
IU,ANMO,seismometer,34.9459,-106.4572,1850.0,smi:service.iris.edu/fdsnws/event/1/query?eventid=11510239,2021-12-24T00:48:51.792000Z,46.8132,93.0683,10.0,4.7,0.01597677310038614,data/earthquake/quake_111.mseed,earthquake
IU,ANMO,seismometer,34.9459,-106.4572,1850.0,smi:service.iris.edu/fdsnws/event/1/query?eventid=11510216,2021-12-23T23:02:30.271000Z,-6.4506,-82.1245,10.0,4.9,0.33250936595836006,data/earthquake/quake_112.mseed,earthquake
IU,ANMO,seismometer,34.9459,-106.4572,1850.0,smi:service.iris.edu/fdsnws/event/1/query?eventid=11510211,2021-12-23T22:39:06.598000Z,7.0891,92.5485,10.0,4.9,0.02179457958467023,data/earthquake/quake_113.mseed,earthquake
IU,ANMO,seismometer,34.9459,-106.4572,1850.0,smi:service.iris.edu/fdsnws/event/1/query?eventid=11512476,2021-12-23T20:55:54.717000Z,-41.0045,-91.5463,10.0,4.9,0.34744912626250435,data/earthquake/quake_114.mseed,earthquake
IU,ANMO,seismometer,34.9459,-106.4572,1850.0,smi:service.iris.edu/fdsnws/event/1/query?eventid=11512474,2021-12-23T20:03:43.502000Z,5.6641,94.2717,35.0,4.9,0.024082436973902048,data/earthquake/quake_115.mseed,earthquake
IU,ANMO,seismometer,34.9459,-106.4572,1850.0,smi:service.iris.edu/fdsnws/event/1/query?eventid=11514390,2021-12-23T17:19:42.443000Z,-14.4739,-13.3795,10.0,4.7,0.30346717020707453,data/earthquake/quake_116.mseed,earthquake
IU,ANMO,seismometer,34.9459,-106.4572,1850.0,smi:service.iris.edu/fdsnws/event/1/query?eventid=11510112,2021-12-23T14:13:23.954000Z,27.5834,-111.5557,10.0,4.5,0.02945317645081772,data/earthquake/quake_117.mseed,earthquake
IU,ANMO,seismometer,34.9459,-106.4572,1850.0,smi:service.iris.edu/fdsnws/event/1/query?eventid=11517169,2021-12-23T14:11:08.599000Z,-59.5465,-23.9315,10.0,4.6,0.2950336643183619,data/earthquake/quake_118.mseed,earthquake
IU,ANMO,seismometer,34.9459,-106.4572,1850.0,smi:service.iris.edu/fdsnws/event/1/query?eventid=11509999,2021-12-23T06:33:56.401000Z,-7.1983,105.2869,35.0,4.5,0.04174358847229973,data/earthquake/quake_119.mseed,earthquake
IU,ANMO,seismometer,34.9459,-106.4572,1850.0,smi:service.iris.edu/fdsnws/event/1/query?eventid=11518173,2021-12-23T03:02:42.557000Z,-57.3553,-25.8404,35.0,4.6,0.29737186174891256,data/earthquake/quake_120.mseed,earthquake
IU,ANMO,seismometer,34.9459,-106.4572,1850.0,smi:service.iris.edu/fdsnws/event/1/query?eventid=11509919,2021-12-23T01:54:26.211000Z,35.1559,-3.896,10.0,4.8,0.3055388201068115,data/earthquake/quake_121.mseed,earthquake
IU,ANMO,seismometer,34.9459,-106.4572,1850.0,smi:service.iris.edu/fdsnws/event/1/query?eventid=11509913,2021-12-23T01:17:51.352000Z,11.4162,-87.0289,35.0,4.5,0.32612391892178627,data/earthquake/quake_122.mseed,earthquake
IU,ANMO,seismometer,34.9459,-106.4572,1850.0,smi:service.iris.edu/fdsnws/event/1/query?eventid=11509872,2021-12-22T23:22:58.050000Z,18.8469,-107.0648,10.0,6.0,0.001805515601838664,data/earthquake/quake_123.mseed,earthquake
IU,ANMO,seismometer,34.9459,-106.4572,1850.0,smi:service.iris.edu/fdsnws/event/1/query?eventid=11516939,2021-12-22T21:22:38.906000Z,-23.5854,-175.6946,35.0,4.6,0.05025128364317664,data/earthquake/quake_124.mseed,earthquake
IU,ANMO,seismometer,34.9459,-106.4572,1850.0,smi:service.iris.edu/fdsnws/event/1/query?eventid=11509828,2021-12-22T21:17:24.644000Z,45.8435,96.5436,10.0,4.7,0.018779862657278757,data/earthquake/quake_125.mseed,earthquake
IU,ANMO,seismometer,34.9459,-106.4572,1850.0,smi:service.iris.edu/fdsnws/event/1/query?eventid=11509698,2021-12-22T13:49:52.412000Z,-57.7696,-25.4506,35.0,5.0,0.2969197492039277,data/earthquake/quake_126.mseed,earthquake
IU,ANMO,seismometer,34.9459,-106.4572,1850.0,smi:service.iris.edu/fdsnws/event/1/query?eventid=11509682,2021-12-22T12:27:37.462000Z,2.3748,126.9133,10.0,4.9,0.04796637773484593,data/earthquake/quake_127.mseed,earthquake
IU,ANMO,seismometer,34.9459,-106.4572,1850.0,smi:service.iris.edu/fdsnws/event/1/query?eventid=11509677,2021-12-22T12:19:56.360000Z,2.4469,126.9222,16.55,4.9,0.047941714888122336,data/earthquake/quake_128.mseed,earthquake
IU,ANMO,seismometer,34.9459,-106.4572,1850.0,smi:service.iris.edu/fdsnws/event/1/query?eventid=11513845,2021-12-22T12:04:32.391000Z,-11.4221,111.8584,10.0,4.5,0.049410569366093594,data/earthquake/quake_129.mseed,earthquake
IU,ANMO,seismometer,34.9459,-106.4572,1850.0,smi:service.iris.edu/fdsnws/event/1/query?eventid=11513843,2021-12-22T11:43:31.251000Z,-18.1249,-174.0282,10.0,4.5,0.04990284391608805,data/earthquake/quake_130.mseed,earthquake
IU,ANMO,seismometer,34.9459,-106.4572,1850.0,smi:service.iris.edu/fdsnws/event/1/query?eventid=11513837,2021-12-22T09:34:44.366000Z,-15.1519,66.7698,10.0,4.6,0.34439258166196396,data/earthquake/quake_131.mseed,earthquake
IU,ANMO,seismometer,34.9459,-106.4572,1850.0,smi:service.iris.edu/fdsnws/event/1/query?eventid=11513836,2021-12-22T09:30:04.493000Z,35.2149,141.451,24.97,4.5,0.049596218097187575,data/earthquake/quake_132.mseed,earthquake
IU,ANMO,seismometer,34.9459,-106.4572,1850.0,smi:service.iris.edu/fdsnws/event/1/query?eventid=11509634,2021-12-22T09:23:12.501000Z,64.0251,-22.1269,10.0,4.8,0.2823756912997513,data/earthquake/quake_133.mseed,earthquake
IU,ANMO,seismometer,34.9459,-106.4572,1850.0,smi:service.iris.edu/fdsnws/event/1/query?eventid=11513835,2021-12-22T09:07:49.814000Z,-15.0123,67.2768,10.0,4.6,0.3455896400862875,data/earthquake/quake_134.mseed,earthquake
IU,ANMO,seismometer,34.9459,-106.4572,1850.0,smi:service.iris.edu/fdsnws/event/1/query?eventid=11509602,2021-12-22T07:07:02.487000Z,26.7676,126.6293,26.52,4.9,0.04175542004435721,data/earthquake/quake_135.mseed,earthquake
IU,ANMO,seismometer,34.9459,-106.4572,1850.0,smi:service.iris.edu/fdsnws/event/1/query?eventid=11509577,2021-12-22T05:51:51.578000Z,-57.7817,-25.34,35.0,5.9,0.2968334353952851,data/earthquake/quake_136.mseed,earthquake
IU,ANMO,seismometer,34.9459,-106.4572,1850.0,smi:service.iris.edu/fdsnws/event/1/query?eventid=11509903,2021-12-22T04:55:11.468000Z,-5.554,151.5893,35.0,4.9,0.0554562453008747,data/earthquake/quake_137.mseed,earthquake
IU,ANMO,seismometer,34.9459,-106.4572,1850.0,smi:service.iris.edu/fdsnws/event/1/query?eventid=11509893,2021-12-22T03:51:29.340000Z,-30.0282,-71.6587,25.23,4.6,0.33053742578290635,data/earthquake/quake_138.mseed,earthquake
IU,ANMO,seismometer,34.9459,-106.4572,1850.0,smi:service.iris.edu/fdsnws/event/1/query?eventid=11518126,2021-12-22T03:07:08.844000Z,-59.4859,-25.6126,35.0,4.6,0.2963315881339576,data/earthquake/quake_139.mseed,earthquake
IU,ANMO,seismometer,34.9459,-106.4572,1850.0,smi:service.iris.edu/fdsnws/event/1/query?eventid=11518096,2021-12-22T03:05:40.094000Z,-5.5868,154.113,35.0,4.7,0.05552483731723689,data/earthquake/quake_140.mseed,earthquake
IU,ANMO,seismometer,34.9459,-106.4572,1850.0,smi:service.iris.edu/fdsnws/event/1/query?eventid=11516926,2021-12-22T02:54:52.405000Z,-8.36,117.4758,10.0,4.6,0.04973214596829121,data/earthquake/quake_141.mseed,earthquake
IU,ANMO,seismometer,34.9459,-106.4572,1850.0,smi:service.iris.edu/fdsnws/event/1/query?eventid=11516921,2021-12-22T02:35:25.428000Z,-59.6456,-23.9284,10.0,4.7,0.29498758559791954,data/earthquake/quake_142.mseed,earthquake
IU,ANMO,seismometer,34.9459,-106.4572,1850.0,smi:service.iris.edu/fdsnws/event/1/query?eventid=11509540,2021-12-22T02:20:40.371000Z,-5.6034,153.9354,40.87,4.7,0.05552495391218042,data/earthquake/quake_143.mseed,earthquake
IU,ANMO,seismometer,34.9459,-106.4572,1850.0,smi:service.iris.edu/fdsnws/event/1/query?eventid=11509517,2021-12-22T01:50:44.418000Z,-8.3743,105.5173,10.0,4.7,0.042863089188414194,data/earthquake/quake_144.mseed,earthquake
IU,ANMO,seismometer,34.9459,-106.4572,1850.0,smi:service.iris.edu/fdsnws/event/1/query?eventid=11513437,2021-12-21T21:08:33.831000Z,10.2993,94.0416,10.0,5.0,0.022180391468489602,data/earthquake/quake_145.mseed,earthquake
IU,ANMO,seismometer,34.9459,-106.4572,1850.0,smi:service.iris.edu/fdsnws/event/1/query?eventid=11509396,2021-12-21T16:46:59.399000Z,31.1064,142.3123,10.0,5.0,0.049857254421925006,data/earthquake/quake_146.mseed,earthquake
IU,ANMO,seismometer,34.9459,-106.4572,1850.0,smi:service.iris.edu/fdsnws/event/1/query?eventid=11509394,2021-12-21T16:42:40.742000Z,31.2165,142.2913,10.0,5.1,0.049850250279138184,data/earthquake/quake_147.mseed,earthquake
IU,ANMO,seismometer,34.9459,-106.4572,1850.0,smi:service.iris.edu/fdsnws/event/1/query?eventid=11509422,2021-12-21T16:36:12.743000Z,27.6775,56.114,10.0,4.6,0.3442909596926811,data/earthquake/quake_148.mseed,earthquake
IU,ANMO,seismometer,34.9459,-106.4572,1850.0,smi:service.iris.edu/fdsnws/event/1/query?eventid=11509398,2021-12-21T16:28:58.529000Z,31.176,142.2091,10.0,4.6,0.04980826019862468,data/earthquake/quake_149.mseed,earthquake
IU,ANMO,seismometer,34.9459,-106.4572,1850.0,smi:service.iris.edu/fdsnws/event/1/query?eventid=11509350,2021-12-21T14:46:06.189000Z,-30.7013,-71.3691,41.39,4.5,0.3304255522801372,data/earthquake/quake_150.mseed,earthquake
IU,ANMO,seismometer,34.9459,-106.4572,1850.0,smi:service.iris.edu/fdsnws/event/1/query?eventid=11513389,2021-12-21T14:25:54.166000Z,-11.6126,-13.3799,10.0,4.8,0.30389019682115187,data/earthquake/quake_151.mseed,earthquake
IU,ANMO,seismometer,34.9459,-106.4572,1850.0,smi:service.iris.edu/fdsnws/event/1/query?eventid=11513374,2021-12-21T14:01:49.825000Z,-15.1405,-174.2227,10.0,4.5,0.05028112852855401,data/earthquake/quake_152.mseed,earthquake
IU,ANMO,seismometer,34.9459,-106.4572,1850.0,smi:service.iris.edu/fdsnws/event/1/query?eventid=11509327,2021-12-21T12:42:56.335000Z,31.3815,142.2643,10.0,4.5,0.049842091810167174,data/earthquake/quake_153.mseed,earthquake
IU,ANMO,seismometer,34.9459,-106.4572,1850.0,smi:service.iris.edu/fdsnws/event/1/query?eventid=11509285,2021-12-21T08:54:26.105000Z,-57.0344,-23.4822,10.0,4.9,0.29578299518380596,data/earthquake/quake_154.mseed,earthquake
IU,ANMO,seismometer,34.9459,-106.4572,1850.0,smi:service.iris.edu/fdsnws/event/1/query?eventid=11509603,2021-12-21T07:50:56.844000Z,-34.1372,-14.5989,10.0,4.9,0.2991038192393234,data/earthquake/quake_155.mseed,earthquake
IU,ANMO,seismometer,34.9459,-106.4572,1850.0,smi:service.iris.edu/fdsnws/event/1/query?eventid=11509258,2021-12-21T06:59:30.842000Z,-3.5944,131.3036,10.0,4.7,0.05187688116337904,data/earthquake/quake_156.mseed,earthquake
IU,ANMO,seismometer,34.9459,-106.4572,1850.0,smi:service.iris.edu/fdsnws/event/1/query?eventid=11509245,2021-12-21T06:15:13.015000Z,7.1183,-34.476,10.0,4.9,0.30446019422143966,data/earthquake/quake_157.mseed,earthquake
IU,ANMO,seismometer,34.9459,-106.4572,1850.0,smi:service.iris.edu/fdsnws/event/1/query?eventid=11509240,2021-12-21T05:53:27.768000Z,-6.0203,122.1225,20.67,4.9,0.05013629366803883,data/earthquake/quake_158.mseed,earthquake
IU,ANMO,seismometer,34.9459,-106.4572,1850.0,smi:service.iris.edu/fdsnws/event/1/query?eventid=11509242,2021-12-21T05:04:14.782000Z,27.6752,96.9853,43.61,4.5,0.020793152614221783,data/earthquake/quake_159.mseed,earthquake
IU,ANMO,seismometer,34.9459,-106.4572,1850.0,smi:service.iris.edu/fdsnws/event/1/query?eventid=11509224,2021-12-21T04:24:35.761000Z,-54.2477,-40.5074,10.0,5.0,0.3088363547324163,data/earthquake/quake_160.mseed,earthquake
IU,ANMO,seismometer,34.9459,-106.4572,1850.0,smi:service.iris.edu/fdsnws/event/1/query?eventid=11509217,2021-12-21T04:08:12.374000Z,12.7493,121.0521,10.0,4.9,0.04154979465737313,data/earthquake/quake_161.mseed,earthquake
IU,ANMO,seismometer,34.9459,-106.4572,1850.0,smi:service.iris.edu/fdsnws/event/1/query?eventid=11509197,2021-12-21T02:46:05.958000Z,31.4779,142.5657,10.0,4.8,0.04999512248400572,data/earthquake/quake_162.mseed,earthquake
IU,ANMO,seismometer,34.9459,-106.4572,1850.0,smi:service.iris.edu/fdsnws/event/1/query?eventid=11509191,2021-12-21T02:30:22.560000Z,31.552,142.4223,10.0,4.7,0.049926476606914176,data/earthquake/quake_163.mseed,earthquake
IU,ANMO,seismometer,34.9459,-106.4572,1850.0,smi:service.iris.edu/fdsnws/event/1/query?eventid=11509543,2021-12-20T20:13:40.750000Z,40.349833,-124.899333,19.88,4.9,0.10439263523430946,data/earthquake/quake_164.mseed,earthquake
IU,ANMO,seismometer,34.9459,-106.4572,1850.0,smi:service.iris.edu/fdsnws/event/1/query?eventid=11509016,2021-12-20T20:10:31.310000Z,40.390167,-124.298,27.04,6.2,0.10535360072920358,data/earthquake/quake_165.mseed,earthquake
IU,ANMO,seismometer,34.9459,-106.4572,1850.0,smi:service.iris.edu/fdsnws/event/1/query?eventid=11516821,2021-12-20T20:10:20.310000Z,40.297833,-124.626,16.51,5.3,0.10457666096352884,data/earthquake/quake_166.mseed,earthquake
IU,ANMO,seismometer,34.9459,-106.4572,1850.0,smi:service.iris.edu/fdsnws/event/1/query?eventid=11508952,2021-12-20T17:22:52.426000Z,79.5731,4.2277,10.0,4.9,0.2968905184652214,data/earthquake/quake_167.mseed,earthquake
IU,ANMO,seismometer,34.9459,-106.4572,1850.0,smi:service.iris.edu/fdsnws/event/1/query?eventid=11508927,2021-12-20T16:34:26.989000Z,-26.1349,-64.688,10.0,5.0,0.3249714446879223,data/earthquake/quake_168.mseed,earthquake
IU,ANMO,seismometer,34.9459,-106.4572,1850.0,smi:service.iris.edu/fdsnws/event/1/query?eventid=11508915,2021-12-20T16:05:25.749000Z,42.3918,142.6649,40.84,5.1,0.05096859748663462,data/earthquake/quake_169.mseed,earthquake
IU,ANMO,seismometer,34.9459,-106.4572,1850.0,smi:service.iris.edu/fdsnws/event/1/query?eventid=11513364,2021-12-20T16:00:27.405000Z,-10.9525,163.538,10.0,4.7,0.05566769588062562,data/earthquake/quake_170.mseed,earthquake
IU,ANMO,seismometer,34.9459,-106.4572,1850.0,smi:service.iris.edu/fdsnws/event/1/query?eventid=11513345,2021-12-20T13:30:05.912000Z,-57.1181,-142.2433,10.0,4.7,0.0289603593452278,data/earthquake/quake_171.mseed,earthquake
IU,ANMO,seismometer,34.9459,-106.4572,1850.0,smi:service.iris.edu/fdsnws/event/1/query?eventid=11513429,2021-12-20T03:58:40.614000Z,13.7674,-92.4743,10.0,4.5,0.33151036661972444,data/earthquake/quake_172.mseed,earthquake
IU,ANMO,seismometer,34.9459,-106.4572,1850.0,smi:service.iris.edu/fdsnws/event/1/query?eventid=11508920,2021-12-20T03:39:34.167000Z,-56.8533,-24.0922,10.0,6.0,0.2963018434041092,data/earthquake/quake_173.mseed,earthquake
IU,ANMO,seismometer,34.9459,-106.4572,1850.0,smi:service.iris.edu/fdsnws/event/1/query?eventid=11508799,2021-12-19T21:35:39.108000Z,-22.0512,-70.3384,36.34,4.8,0.3280542802587954,data/earthquake/quake_174.mseed,earthquake
IU,ANMO,seismometer,34.9459,-106.4572,1850.0,smi:service.iris.edu/fdsnws/event/1/query?eventid=11508790,2021-12-19T21:06:15.051000Z,19.5607,101.3087,10.0,5.5,0.025942774205925504,data/earthquake/quake_175.mseed,earthquake
IU,ANMO,seismometer,34.9459,-106.4572,1850.0,smi:service.iris.edu/fdsnws/event/1/query?eventid=11508737,2021-12-19T16:28:22.712000Z,-16.2662,178.5788,10.0,6.2,0.05256296967217543,data/earthquake/quake_176.mseed,earthquake
IU,ANMO,seismometer,34.9459,-106.4572,1850.0,smi:service.iris.edu/fdsnws/event/1/query?eventid=11509810,2021-12-19T16:11:47.849000Z,-11.4901,162.7061,5.03,4.6,0.055827419111025504,data/earthquake/quake_177.mseed,earthquake
IU,ANMO,seismometer,34.9459,-106.4572,1850.0,smi:service.iris.edu/fdsnws/event/1/query?eventid=11509807,2021-12-19T15:49:54.974000Z,-8.2921,116.3775,11.86,4.6,0.04919606045050901,data/earthquake/quake_178.mseed,earthquake
IU,ANMO,seismometer,34.9459,-106.4572,1850.0,smi:service.iris.edu/fdsnws/event/1/query?eventid=11509777,2021-12-19T14:35:51.788000Z,-58.4827,-25.199,35.16,4.6,0.2964408091760116,data/earthquake/quake_179.mseed,earthquake
IU,ANMO,seismometer,34.9459,-106.4572,1850.0,smi:service.iris.edu/fdsnws/event/1/query?eventid=11508713,2021-12-19T14:34:55.450000Z,4.5616,96.2559,10.0,4.6,0.02651257037932487,data/earthquake/quake_180.mseed,earthquake
IU,ANMO,seismometer,34.9459,-106.4572,1850.0,smi:service.iris.edu/fdsnws/event/1/query?eventid=11508692,2021-12-19T12:40:03.204000Z,-19.1859,169.6958,33.77,4.9,0.055185361980463025,data/earthquake/quake_181.mseed,earthquake
IU,ANMO,seismometer,34.9459,-106.4572,1850.0,smi:service.iris.edu/fdsnws/event/1/query?eventid=11508673,2021-12-19T10:27:35.704000Z,30.0098,-113.7587,10.0,4.6,0.049508144493146514,data/earthquake/quake_182.mseed,earthquake
IU,ANMO,seismometer,34.9459,-106.4572,1850.0,smi:service.iris.edu/fdsnws/event/1/query?eventid=11508641,2021-12-19T08:09:27.302000Z,-57.991,-25.2933,35.0,5.0,0.296713559282992,data/earthquake/quake_183.mseed,earthquake
IU,ANMO,seismometer,34.9459,-106.4572,1850.0,smi:service.iris.edu/fdsnws/event/1/query?eventid=11509935,2021-12-19T04:09:24.478000Z,-16.5899,-173.187,10.0,4.6,0.04973814902144034,data/earthquake/quake_184.mseed,earthquake
IU,ANMO,seismometer,34.9459,-106.4572,1850.0,smi:service.iris.edu/fdsnws/event/1/query?eventid=11508581,2021-12-19T03:19:46.112000Z,13.7242,92.7441,10.0,5.1,0.01993722413626577,data/earthquake/quake_185.mseed,earthquake
IU,ANMO,seismometer,34.9459,-106.4572,1850.0,smi:service.iris.edu/fdsnws/event/1/query?eventid=11508569,2021-12-19T01:51:51.012000Z,31.4701,142.2915,10.0,4.5,0.04985854103532617,data/earthquake/quake_186.mseed,earthquake
IU,ANMO,seismometer,34.9459,-106.4572,1850.0,smi:service.iris.edu/fdsnws/event/1/query?eventid=11508550,2021-12-18T23:54:27.108000Z,38.9261,92.6149,10.0,5.5,0.015997424083055874,data/earthquake/quake_187.mseed,earthquake
IU,ANMO,seismometer,34.9459,-106.4572,1850.0,smi:service.iris.edu/fdsnws/event/1/query?eventid=11508537,2021-12-18T20:27:31.850000Z,-7.9652,122.4235,10.0,4.7,0.05139894974301177,data/earthquake/quake_188.mseed,earthquake
IU,ANMO,seismometer,34.9459,-106.4572,1850.0,smi:service.iris.edu/fdsnws/event/1/query?eventid=11508508,2021-12-18T20:14:16.222000Z,-21.4311,170.1337,10.0,5.1,0.05527507356699272,data/earthquake/quake_189.mseed,earthquake
IU,ANMO,seismometer,34.9459,-106.4572,1850.0,smi:service.iris.edu/fdsnws/event/1/query?eventid=11508505,2021-12-18T20:05:44.468000Z,-47.1,33.4549,10.0,6.0,0.26222064014418517,data/earthquake/quake_190.mseed,earthquake
IU,ANMO,seismometer,34.9459,-106.4572,1850.0,smi:service.iris.edu/fdsnws/event/1/query?eventid=11515943,2021-12-18T19:46:05.016000Z,-57.2676,147.4714,10.0,4.8,0.08160682952353959,data/earthquake/quake_191.mseed,earthquake
IU,ANMO,seismometer,34.9459,-106.4572,1850.0,smi:service.iris.edu/fdsnws/event/1/query?eventid=11508498,2021-12-18T19:06:09.013000Z,-0.8038,131.4824,37.44,4.6,0.05079967580946086,data/earthquake/quake_192.mseed,earthquake
IU,ANMO,seismometer,34.9459,-106.4572,1850.0,smi:service.iris.edu/fdsnws/event/1/query?eventid=11517241,2021-12-18T18:55:32.802000Z,-0.0922,129.8334,39.75,4.6,0.049999863808410254,data/earthquake/quake_193.mseed,earthquake
IU,ANMO,seismometer,34.9459,-106.4572,1850.0,smi:service.iris.edu/fdsnws/event/1/query?eventid=11517173,2021-12-18T18:28:12.894000Z,-0.2793,131.7488,10.0,4.9,0.05068104045690012,data/earthquake/quake_194.mseed,earthquake
IU,ANMO,seismometer,34.9459,-106.4572,1850.0,smi:service.iris.edu/fdsnws/event/1/query?eventid=11508490,2021-12-18T18:25:59.255000Z,-0.7143,131.4792,10.0,5.2,0.050764283258341064,data/earthquake/quake_195.mseed,earthquake
IU,ANMO,seismometer,34.9459,-106.4572,1850.0,smi:service.iris.edu/fdsnws/event/1/query?eventid=11512847,2021-12-18T15:05:01.832000Z,-7.1882,121.3774,10.0,4.6,0.050548161766994296,data/earthquake/quake_196.mseed,earthquake
IU,ANMO,seismometer,34.9459,-106.4572,1850.0,smi:service.iris.edu/fdsnws/event/1/query?eventid=11508420,2021-12-18T13:39:28.317000Z,-3.1722,68.3786,10.0,4.9,0.35210378944952914,data/earthquake/quake_197.mseed,earthquake
IU,ANMO,seismometer,34.9459,-106.4572,1850.0,smi:service.iris.edu/fdsnws/event/1/query?eventid=11512824,2021-12-18T13:32:39.347000Z,-5.7559,151.901,10.0,4.8,0.05550527901404261,data/earthquake/quake_198.mseed,earthquake
IU,ANMO,seismometer,34.9459,-106.4572,1850.0,smi:service.iris.edu/fdsnws/event/1/query?eventid=11516562,2021-12-18T12:27:18.787000Z,10.4152,126.7139,10.0,4.6,0.04514174703874249,data/earthquake/quake_199.mseed,earthquake
IU,ANMO,seismometer,34.9459,-106.4572,1850.0,none,2021-02-20T19:33:00.000000Z,,,,0.0,0.0,data/noise/noise_0.mseed,noise
IU,ANMO,seismometer,34.9459,-106.4572,1850.0,none,2021-11-01T01:03:00.000000Z,,,,0.0,0.0,data/noise/noise_1.mseed,noise
IU,ANMO,seismometer,34.9459,-106.4572,1850.0,none,2021-12-09T18:02:00.000000Z,,,,0.0,0.0,data/noise/noise_2.mseed,noise
IU,ANMO,seismometer,34.9459,-106.4572,1850.0,none,2021-01-10T20:57:00.000000Z,,,,0.0,0.0,data/noise/noise_3.mseed,noise
IU,ANMO,seismometer,34.9459,-106.4572,1850.0,none,2021-06-08T13:58:00.000000Z,,,,0.0,0.0,data/noise/noise_4.mseed,noise
IU,ANMO,seismometer,34.9459,-106.4572,1850.0,none,2021-02-23T06:54:00.000000Z,,,,0.0,0.0,data/noise/noise_5.mseed,noise
IU,ANMO,seismometer,34.9459,-106.4572,1850.0,none,2021-10-25T10:15:00.000000Z,,,,0.0,0.0,data/noise/noise_6.mseed,noise
IU,ANMO,seismometer,34.9459,-106.4572,1850.0,none,2021-01-24T05:22:00.000000Z,,,,0.0,0.0,data/noise/noise_7.mseed,noise
IU,ANMO,seismometer,34.9459,-106.4572,1850.0,none,2021-09-26T00:54:00.000000Z,,,,0.0,0.0,data/noise/noise_8.mseed,noise
IU,ANMO,seismometer,34.9459,-106.4572,1850.0,none,2021-08-07T03:44:00.000000Z,,,,0.0,0.0,data/noise/noise_9.mseed,noise
IU,ANMO,seismometer,34.9459,-106.4572,1850.0,none,2021-11-24T16:20:00.000000Z,,,,0.0,0.0,data/noise/noise_10.mseed,noise
IU,ANMO,seismometer,34.9459,-106.4572,1850.0,none,2021-04-02T09:45:00.000000Z,,,,0.0,0.0,data/noise/noise_11.mseed,noise
IU,ANMO,seismometer,34.9459,-106.4572,1850.0,none,2021-09-22T18:48:00.000000Z,,,,0.0,0.0,data/noise/noise_12.mseed,noise
IU,ANMO,seismometer,34.9459,-106.4572,1850.0,none,2021-12-02T03:45:00.000000Z,,,,0.0,0.0,data/noise/noise_13.mseed,noise
IU,ANMO,seismometer,34.9459,-106.4572,1850.0,none,2021-12-02T04:25:00.000000Z,,,,0.0,0.0,data/noise/noise_14.mseed,noise
IU,ANMO,seismometer,34.9459,-106.4572,1850.0,none,2021-11-13T09:11:00.000000Z,,,,0.0,0.0,data/noise/noise_15.mseed,noise
IU,ANMO,seismometer,34.9459,-106.4572,1850.0,none,2021-08-11T08:38:00.000000Z,,,,0.0,0.0,data/noise/noise_16.mseed,noise
IU,ANMO,seismometer,34.9459,-106.4572,1850.0,none,2021-07-16T12:25:00.000000Z,,,,0.0,0.0,data/noise/noise_17.mseed,noise
IU,ANMO,seismometer,34.9459,-106.4572,1850.0,none,2021-07-16T11:15:00.000000Z,,,,0.0,0.0,data/noise/noise_18.mseed,noise
IU,ANMO,seismometer,34.9459,-106.4572,1850.0,none,2021-03-25T21:56:00.000000Z,,,,0.0,0.0,data/noise/noise_19.mseed,noise
IU,ANMO,seismometer,34.9459,-106.4572,1850.0,none,2021-02-11T20:32:00.000000Z,,,,0.0,0.0,data/noise/noise_20.mseed,noise
IU,ANMO,seismometer,34.9459,-106.4572,1850.0,none,2021-02-07T00:00:00.000000Z,,,,0.0,0.0,data/noise/noise_21.mseed,noise
IU,ANMO,seismometer,34.9459,-106.4572,1850.0,none,2021-12-04T22:09:00.000000Z,,,,0.0,0.0,data/noise/noise_22.mseed,noise
IU,ANMO,seismometer,34.9459,-106.4572,1850.0,none,2021-04-20T05:28:00.000000Z,,,,0.0,0.0,data/noise/noise_23.mseed,noise
IU,ANMO,seismometer,34.9459,-106.4572,1850.0,none,2021-02-27T04:02:00.000000Z,,,,0.0,0.0,data/noise/noise_24.mseed,noise
IU,ANMO,seismometer,34.9459,-106.4572,1850.0,none,2021-06-09T07:51:00.000000Z,,,,0.0,0.0,data/noise/noise_25.mseed,noise
IU,ANMO,seismometer,34.9459,-106.4572,1850.0,none,2021-02-05T12:34:00.000000Z,,,,0.0,0.0,data/noise/noise_26.mseed,noise
IU,ANMO,seismometer,34.9459,-106.4572,1850.0,none,2021-08-20T18:32:00.000000Z,,,,0.0,0.0,data/noise/noise_27.mseed,noise
IU,ANMO,seismometer,34.9459,-106.4572,1850.0,none,2021-02-19T21:14:00.000000Z,,,,0.0,0.0,data/noise/noise_28.mseed,noise
IU,ANMO,seismometer,34.9459,-106.4572,1850.0,none,2021-08-24T10:21:00.000000Z,,,,0.0,0.0,data/noise/noise_29.mseed,noise
IU,ANMO,seismometer,34.9459,-106.4572,1850.0,none,2021-04-22T09:00:00.000000Z,,,,0.0,0.0,data/noise/noise_30.mseed,noise
IU,ANMO,seismometer,34.9459,-106.4572,1850.0,none,2021-07-23T01:06:00.000000Z,,,,0.0,0.0,data/noise/noise_31.mseed,noise
IU,ANMO,seismometer,34.9459,-106.4572,1850.0,none,2021-09-24T01:33:00.000000Z,,,,0.0,0.0,data/noise/noise_32.mseed,noise
IU,ANMO,seismometer,34.9459,-106.4572,1850.0,none,2021-11-28T04:40:00.000000Z,,,,0.0,0.0,data/noise/noise_33.mseed,noise
IU,ANMO,seismometer,34.9459,-106.4572,1850.0,none,2021-08-19T16:40:00.000000Z,,,,0.0,0.0,data/noise/noise_34.mseed,noise
IU,ANMO,seismometer,34.9459,-106.4572,1850.0,none,2021-03-31T14:32:00.000000Z,,,,0.0,0.0,data/noise/noise_35.mseed,noise
IU,ANMO,seismometer,34.9459,-106.4572,1850.0,none,2021-05-01T19:29:00.000000Z,,,,0.0,0.0,data/noise/noise_36.mseed,noise
IU,ANMO,seismometer,34.9459,-106.4572,1850.0,none,2021-01-13T17:46:00.000000Z,,,,0.0,0.0,data/noise/noise_37.mseed,noise
IU,ANMO,seismometer,34.9459,-106.4572,1850.0,none,2021-12-07T14:31:00.000000Z,,,,0.0,0.0,data/noise/noise_38.mseed,noise
IU,ANMO,seismometer,34.9459,-106.4572,1850.0,none,2021-10-02T16:01:00.000000Z,,,,0.0,0.0,data/noise/noise_39.mseed,noise
IU,ANMO,seismometer,34.9459,-106.4572,1850.0,none,2021-07-29T14:39:00.000000Z,,,,0.0,0.0,data/noise/noise_40.mseed,noise
IU,ANMO,seismometer,34.9459,-106.4572,1850.0,none,2021-12-06T19:42:00.000000Z,,,,0.0,0.0,data/noise/noise_41.mseed,noise
IU,ANMO,seismometer,34.9459,-106.4572,1850.0,none,2021-10-22T18:58:00.000000Z,,,,0.0,0.0,data/noise/noise_42.mseed,noise
IU,ANMO,seismometer,34.9459,-106.4572,1850.0,none,2021-02-11T10:30:00.000000Z,,,,0.0,0.0,data/noise/noise_43.mseed,noise
IU,ANMO,seismometer,34.9459,-106.4572,1850.0,none,2021-05-28T02:10:00.000000Z,,,,0.0,0.0,data/noise/noise_44.mseed,noise
IU,ANMO,seismometer,34.9459,-106.4572,1850.0,none,2021-01-31T15:04:00.000000Z,,,,0.0,0.0,data/noise/noise_45.mseed,noise
IU,ANMO,seismometer,34.9459,-106.4572,1850.0,none,2021-02-26T12:08:00.000000Z,,,,0.0,0.0,data/noise/noise_46.mseed,noise
IU,ANMO,seismometer,34.9459,-106.4572,1850.0,none,2021-10-06T20:33:00.000000Z,,,,0.0,0.0,data/noise/noise_47.mseed,noise
IU,ANMO,seismometer,34.9459,-106.4572,1850.0,none,2021-01-01T16:14:00.000000Z,,,,0.0,0.0,data/noise/noise_48.mseed,noise
IU,ANMO,seismometer,34.9459,-106.4572,1850.0,none,2021-02-06T07:21:00.000000Z,,,,0.0,0.0,data/noise/noise_49.mseed,noise
IU,ANMO,seismometer,34.9459,-106.4572,1850.0,none,2021-11-15T04:30:00.000000Z,,,,0.0,0.0,data/noise/noise_50.mseed,noise
IU,ANMO,seismometer,34.9459,-106.4572,1850.0,none,2021-01-31T19:17:00.000000Z,,,,0.0,0.0,data/noise/noise_51.mseed,noise
IU,ANMO,seismometer,34.9459,-106.4572,1850.0,none,2021-01-17T21:04:00.000000Z,,,,0.0,0.0,data/noise/noise_52.mseed,noise
IU,ANMO,seismometer,34.9459,-106.4572,1850.0,none,2021-10-08T05:24:00.000000Z,,,,0.0,0.0,data/noise/noise_53.mseed,noise
IU,ANMO,seismometer,34.9459,-106.4572,1850.0,none,2021-01-23T02:47:00.000000Z,,,,0.0,0.0,data/noise/noise_54.mseed,noise
IU,ANMO,seismometer,34.9459,-106.4572,1850.0,none,2021-05-14T04:50:00.000000Z,,,,0.0,0.0,data/noise/noise_55.mseed,noise
IU,ANMO,seismometer,34.9459,-106.4572,1850.0,none,2021-07-26T13:11:00.000000Z,,,,0.0,0.0,data/noise/noise_56.mseed,noise
IU,ANMO,seismometer,34.9459,-106.4572,1850.0,none,2021-05-15T20:58:00.000000Z,,,,0.0,0.0,data/noise/noise_57.mseed,noise
IU,ANMO,seismometer,34.9459,-106.4572,1850.0,none,2021-10-22T02:44:00.000000Z,,,,0.0,0.0,data/noise/noise_58.mseed,noise
IU,ANMO,seismometer,34.9459,-106.4572,1850.0,none,2021-01-19T16:01:00.000000Z,,,,0.0,0.0,data/noise/noise_59.mseed,noise
IU,ANMO,seismometer,34.9459,-106.4572,1850.0,none,2021-07-13T17:22:00.000000Z,,,,0.0,0.0,data/noise/noise_60.mseed,noise
IU,ANMO,seismometer,34.9459,-106.4572,1850.0,none,2021-02-05T13:51:00.000000Z,,,,0.0,0.0,data/noise/noise_61.mseed,noise
IU,ANMO,seismometer,34.9459,-106.4572,1850.0,none,2021-03-14T00:37:00.000000Z,,,,0.0,0.0,data/noise/noise_62.mseed,noise
IU,ANMO,seismometer,34.9459,-106.4572,1850.0,none,2021-01-02T21:21:00.000000Z,,,,0.0,0.0,data/noise/noise_63.mseed,noise
IU,ANMO,seismometer,34.9459,-106.4572,1850.0,none,2021-06-22T22:13:00.000000Z,,,,0.0,0.0,data/noise/noise_64.mseed,noise
IU,ANMO,seismometer,34.9459,-106.4572,1850.0,none,2021-11-25T05:47:00.000000Z,,,,0.0,0.0,data/noise/noise_65.mseed,noise
IU,ANMO,seismometer,34.9459,-106.4572,1850.0,none,2021-05-22T20:45:00.000000Z,,,,0.0,0.0,data/noise/noise_66.mseed,noise
IU,ANMO,seismometer,34.9459,-106.4572,1850.0,none,2021-03-04T05:53:00.000000Z,,,,0.0,0.0,data/noise/noise_67.mseed,noise
IU,ANMO,seismometer,34.9459,-106.4572,1850.0,none,2021-05-16T02:56:00.000000Z,,,,0.0,0.0,data/noise/noise_68.mseed,noise
IU,ANMO,seismometer,34.9459,-106.4572,1850.0,none,2021-07-05T03:23:00.000000Z,,,,0.0,0.0,data/noise/noise_69.mseed,noise
IU,ANMO,seismometer,34.9459,-106.4572,1850.0,none,2021-01-28T12:27:00.000000Z,,,,0.0,0.0,data/noise/noise_70.mseed,noise
IU,ANMO,seismometer,34.9459,-106.4572,1850.0,none,2021-04-07T00:55:00.000000Z,,,,0.0,0.0,data/noise/noise_71.mseed,noise
IU,ANMO,seismometer,34.9459,-106.4572,1850.0,none,2021-03-20T02:42:00.000000Z,,,,0.0,0.0,data/noise/noise_72.mseed,noise
IU,ANMO,seismometer,34.9459,-106.4572,1850.0,none,2021-02-03T20:29:00.000000Z,,,,0.0,0.0,data/noise/noise_73.mseed,noise
IU,ANMO,seismometer,34.9459,-106.4572,1850.0,none,2021-11-18T06:36:00.000000Z,,,,0.0,0.0,data/noise/noise_74.mseed,noise
IU,ANMO,seismometer,34.9459,-106.4572,1850.0,none,2021-09-01T07:16:00.000000Z,,,,0.0,0.0,data/noise/noise_75.mseed,noise
IU,ANMO,seismometer,34.9459,-106.4572,1850.0,none,2021-11-19T11:17:00.000000Z,,,,0.0,0.0,data/noise/noise_76.mseed,noise
IU,ANMO,seismometer,34.9459,-106.4572,1850.0,none,2021-02-28T11:03:00.000000Z,,,,0.0,0.0,data/noise/noise_77.mseed,noise
IU,ANMO,seismometer,34.9459,-106.4572,1850.0,none,2021-06-18T19:47:00.000000Z,,,,0.0,0.0,data/noise/noise_78.mseed,noise
IU,ANMO,seismometer,34.9459,-106.4572,1850.0,none,2021-07-05T10:42:00.000000Z,,,,0.0,0.0,data/noise/noise_79.mseed,noise
IU,ANMO,seismometer,34.9459,-106.4572,1850.0,none,2021-08-30T19:12:00.000000Z,,,,0.0,0.0,data/noise/noise_80.mseed,noise
IU,ANMO,seismometer,34.9459,-106.4572,1850.0,none,2021-07-15T09:32:00.000000Z,,,,0.0,0.0,data/noise/noise_81.mseed,noise
IU,ANMO,seismometer,34.9459,-106.4572,1850.0,none,2021-07-10T08:25:00.000000Z,,,,0.0,0.0,data/noise/noise_82.mseed,noise
IU,ANMO,seismometer,34.9459,-106.4572,1850.0,none,2021-11-03T11:02:00.000000Z,,,,0.0,0.0,data/noise/noise_83.mseed,noise
IU,ANMO,seismometer,34.9459,-106.4572,1850.0,none,2021-11-24T13:35:00.000000Z,,,,0.0,0.0,data/noise/noise_84.mseed,noise
IU,ANMO,seismometer,34.9459,-106.4572,1850.0,none,2021-07-15T13:19:00.000000Z,,,,0.0,0.0,data/noise/noise_85.mseed,noise
IU,ANMO,seismometer,34.9459,-106.4572,1850.0,none,2021-07-11T11:30:00.000000Z,,,,0.0,0.0,data/noise/noise_86.mseed,noise
IU,ANMO,seismometer,34.9459,-106.4572,1850.0,none,2021-12-27T11:05:00.000000Z,,,,0.0,0.0,data/noise/noise_87.mseed,noise
IU,ANMO,seismometer,34.9459,-106.4572,1850.0,none,2021-01-13T15:58:00.000000Z,,,,0.0,0.0,data/noise/noise_88.mseed,noise
IU,ANMO,seismometer,34.9459,-106.4572,1850.0,none,2021-02-14T01:46:00.000000Z,,,,0.0,0.0,data/noise/noise_89.mseed,noise
IU,ANMO,seismometer,34.9459,-106.4572,1850.0,none,2021-05-18T20:53:00.000000Z,,,,0.0,0.0,data/noise/noise_90.mseed,noise
IU,ANMO,seismometer,34.9459,-106.4572,1850.0,none,2021-04-23T02:45:00.000000Z,,,,0.0,0.0,data/noise/noise_91.mseed,noise
IU,ANMO,seismometer,34.9459,-106.4572,1850.0,none,2021-12-08T18:09:00.000000Z,,,,0.0,0.0,data/noise/noise_92.mseed,noise
IU,ANMO,seismometer,34.9459,-106.4572,1850.0,none,2021-07-06T07:22:00.000000Z,,,,0.0,0.0,data/noise/noise_93.mseed,noise
IU,ANMO,seismometer,34.9459,-106.4572,1850.0,none,2021-06-04T11:59:00.000000Z,,,,0.0,0.0,data/noise/noise_94.mseed,noise
IU,ANMO,seismometer,34.9459,-106.4572,1850.0,none,2021-09-11T09:11:00.000000Z,,,,0.0,0.0,data/noise/noise_95.mseed,noise
IU,ANMO,seismometer,34.9459,-106.4572,1850.0,none,2021-06-26T12:53:00.000000Z,,,,0.0,0.0,data/noise/noise_96.mseed,noise
IU,ANMO,seismometer,34.9459,-106.4572,1850.0,none,2021-04-26T11:54:00.000000Z,,,,0.0,0.0,data/noise/noise_97.mseed,noise
IU,ANMO,seismometer,34.9459,-106.4572,1850.0,none,2021-10-22T05:29:00.000000Z,,,,0.0,0.0,data/noise/noise_98.mseed,noise
IU,ANMO,seismometer,34.9459,-106.4572,1850.0,none,2021-12-17T10:24:00.000000Z,,,,0.0,0.0,data/noise/noise_99.mseed,noise
IU,ANMO,seismometer,34.9459,-106.4572,1850.0,none,2021-11-20T04:44:00.000000Z,,,,0.0,0.0,data/noise/noise_100.mseed,noise
IU,ANMO,seismometer,34.9459,-106.4572,1850.0,none,2021-10-23T01:30:00.000000Z,,,,0.0,0.0,data/noise/noise_101.mseed,noise
IU,ANMO,seismometer,34.9459,-106.4572,1850.0,none,2021-05-29T01:42:00.000000Z,,,,0.0,0.0,data/noise/noise_102.mseed,noise
IU,ANMO,seismometer,34.9459,-106.4572,1850.0,none,2021-10-13T10:13:00.000000Z,,,,0.0,0.0,data/noise/noise_103.mseed,noise
IU,ANMO,seismometer,34.9459,-106.4572,1850.0,none,2021-10-11T20:36:00.000000Z,,,,0.0,0.0,data/noise/noise_104.mseed,noise
IU,ANMO,seismometer,34.9459,-106.4572,1850.0,none,2021-12-02T22:49:00.000000Z,,,,0.0,0.0,data/noise/noise_105.mseed,noise
IU,ANMO,seismometer,34.9459,-106.4572,1850.0,none,2021-11-29T10:47:00.000000Z,,,,0.0,0.0,data/noise/noise_106.mseed,noise
IU,ANMO,seismometer,34.9459,-106.4572,1850.0,none,2021-10-06T00:50:00.000000Z,,,,0.0,0.0,data/noise/noise_107.mseed,noise
IU,ANMO,seismometer,34.9459,-106.4572,1850.0,none,2021-07-10T01:29:00.000000Z,,,,0.0,0.0,data/noise/noise_108.mseed,noise
IU,ANMO,seismometer,34.9459,-106.4572,1850.0,none,2021-09-13T02:12:00.000000Z,,,,0.0,0.0,data/noise/noise_109.mseed,noise
IU,ANMO,seismometer,34.9459,-106.4572,1850.0,none,2021-08-08T18:15:00.000000Z,,,,0.0,0.0,data/noise/noise_110.mseed,noise
IU,ANMO,seismometer,34.9459,-106.4572,1850.0,none,2021-01-23T14:30:00.000000Z,,,,0.0,0.0,data/noise/noise_111.mseed,noise
IU,ANMO,seismometer,34.9459,-106.4572,1850.0,none,2021-01-25T18:17:00.000000Z,,,,0.0,0.0,data/noise/noise_112.mseed,noise
IU,ANMO,seismometer,34.9459,-106.4572,1850.0,none,2021-05-11T05:08:00.000000Z,,,,0.0,0.0,data/noise/noise_113.mseed,noise
IU,ANMO,seismometer,34.9459,-106.4572,1850.0,none,2021-10-21T14:38:00.000000Z,,,,0.0,0.0,data/noise/noise_114.mseed,noise
IU,ANMO,seismometer,34.9459,-106.4572,1850.0,none,2021-01-12T04:44:00.000000Z,,,,0.0,0.0,data/noise/noise_115.mseed,noise
IU,ANMO,seismometer,34.9459,-106.4572,1850.0,none,2021-06-08T03:40:00.000000Z,,,,0.0,0.0,data/noise/noise_116.mseed,noise
IU,ANMO,seismometer,34.9459,-106.4572,1850.0,none,2021-10-02T18:47:00.000000Z,,,,0.0,0.0,data/noise/noise_117.mseed,noise
IU,ANMO,seismometer,34.9459,-106.4572,1850.0,none,2021-01-04T10:14:00.000000Z,,,,0.0,0.0,data/noise/noise_118.mseed,noise
IU,ANMO,seismometer,34.9459,-106.4572,1850.0,none,2021-12-05T01:08:00.000000Z,,,,0.0,0.0,data/noise/noise_119.mseed,noise
IU,ANMO,seismometer,34.9459,-106.4572,1850.0,none,2021-04-27T11:47:00.000000Z,,,,0.0,0.0,data/noise/noise_120.mseed,noise
IU,ANMO,seismometer,34.9459,-106.4572,1850.0,none,2021-05-03T20:43:00.000000Z,,,,0.0,0.0,data/noise/noise_121.mseed,noise
IU,ANMO,seismometer,34.9459,-106.4572,1850.0,none,2021-04-01T09:35:00.000000Z,,,,0.0,0.0,data/noise/noise_122.mseed,noise
IU,ANMO,seismometer,34.9459,-106.4572,1850.0,none,2021-11-22T11:07:00.000000Z,,,,0.0,0.0,data/noise/noise_123.mseed,noise
IU,ANMO,seismometer,34.9459,-106.4572,1850.0,none,2021-06-23T19:24:00.000000Z,,,,0.0,0.0,data/noise/noise_124.mseed,noise
IU,ANMO,seismometer,34.9459,-106.4572,1850.0,none,2021-08-22T14:30:00.000000Z,,,,0.0,0.0,data/noise/noise_125.mseed,noise
IU,ANMO,seismometer,34.9459,-106.4572,1850.0,none,2021-06-18T08:22:00.000000Z,,,,0.0,0.0,data/noise/noise_126.mseed,noise
IU,ANMO,seismometer,34.9459,-106.4572,1850.0,none,2021-04-15T07:24:00.000000Z,,,,0.0,0.0,data/noise/noise_127.mseed,noise
IU,ANMO,seismometer,34.9459,-106.4572,1850.0,none,2021-11-20T12:04:00.000000Z,,,,0.0,0.0,data/noise/noise_128.mseed,noise
IU,ANMO,seismometer,34.9459,-106.4572,1850.0,none,2021-04-30T01:05:00.000000Z,,,,0.0,0.0,data/noise/noise_129.mseed,noise
IU,ANMO,seismometer,34.9459,-106.4572,1850.0,none,2021-03-20T21:09:00.000000Z,,,,0.0,0.0,data/noise/noise_130.mseed,noise
IU,ANMO,seismometer,34.9459,-106.4572,1850.0,none,2021-04-29T05:09:00.000000Z,,,,0.0,0.0,data/noise/noise_131.mseed,noise
IU,ANMO,seismometer,34.9459,-106.4572,1850.0,none,2021-12-28T17:38:00.000000Z,,,,0.0,0.0,data/noise/noise_132.mseed,noise
IU,ANMO,seismometer,34.9459,-106.4572,1850.0,none,2021-12-11T23:13:00.000000Z,,,,0.0,0.0,data/noise/noise_133.mseed,noise
IU,ANMO,seismometer,34.9459,-106.4572,1850.0,none,2021-06-28T19:39:00.000000Z,,,,0.0,0.0,data/noise/noise_134.mseed,noise
IU,ANMO,seismometer,34.9459,-106.4572,1850.0,none,2021-07-08T11:32:00.000000Z,,,,0.0,0.0,data/noise/noise_135.mseed,noise
IU,ANMO,seismometer,34.9459,-106.4572,1850.0,none,2021-10-12T21:49:00.000000Z,,,,0.0,0.0,data/noise/noise_136.mseed,noise
IU,ANMO,seismometer,34.9459,-106.4572,1850.0,none,2021-03-20T00:04:00.000000Z,,,,0.0,0.0,data/noise/noise_137.mseed,noise
IU,ANMO,seismometer,34.9459,-106.4572,1850.0,none,2021-07-25T02:53:00.000000Z,,,,0.0,0.0,data/noise/noise_138.mseed,noise
IU,ANMO,seismometer,34.9459,-106.4572,1850.0,none,2021-08-01T05:30:00.000000Z,,,,0.0,0.0,data/noise/noise_139.mseed,noise
IU,ANMO,seismometer,34.9459,-106.4572,1850.0,none,2021-08-18T14:03:00.000000Z,,,,0.0,0.0,data/noise/noise_140.mseed,noise
IU,ANMO,seismometer,34.9459,-106.4572,1850.0,none,2021-09-23T14:48:00.000000Z,,,,0.0,0.0,data/noise/noise_141.mseed,noise
IU,ANMO,seismometer,34.9459,-106.4572,1850.0,none,2021-10-17T00:14:00.000000Z,,,,0.0,0.0,data/noise/noise_142.mseed,noise
IU,ANMO,seismometer,34.9459,-106.4572,1850.0,none,2021-01-11T19:30:00.000000Z,,,,0.0,0.0,data/noise/noise_143.mseed,noise
IU,ANMO,seismometer,34.9459,-106.4572,1850.0,none,2021-12-28T00:58:00.000000Z,,,,0.0,0.0,data/noise/noise_144.mseed,noise
IU,ANMO,seismometer,34.9459,-106.4572,1850.0,none,2021-08-19T09:47:00.000000Z,,,,0.0,0.0,data/noise/noise_145.mseed,noise
IU,ANMO,seismometer,34.9459,-106.4572,1850.0,none,2021-05-28T14:36:00.000000Z,,,,0.0,0.0,data/noise/noise_146.mseed,noise
IU,ANMO,seismometer,34.9459,-106.4572,1850.0,none,2021-01-06T14:32:00.000000Z,,,,0.0,0.0,data/noise/noise_147.mseed,noise
IU,ANMO,seismometer,34.9459,-106.4572,1850.0,none,2021-02-26T18:29:00.000000Z,,,,0.0,0.0,data/noise/noise_148.mseed,noise
IU,ANMO,seismometer,34.9459,-106.4572,1850.0,none,2021-08-28T11:00:00.000000Z,,,,0.0,0.0,data/noise/noise_149.mseed,noise
IU,ANMO,seismometer,34.9459,-106.4572,1850.0,none,2021-03-05T21:21:00.000000Z,,,,0.0,0.0,data/noise/noise_150.mseed,noise
IU,ANMO,seismometer,34.9459,-106.4572,1850.0,none,2021-12-10T10:13:00.000000Z,,,,0.0,0.0,data/noise/noise_151.mseed,noise
IU,ANMO,seismometer,34.9459,-106.4572,1850.0,none,2021-06-18T18:48:00.000000Z,,,,0.0,0.0,data/noise/noise_152.mseed,noise
IU,ANMO,seismometer,34.9459,-106.4572,1850.0,none,2021-05-06T11:37:00.000000Z,,,,0.0,0.0,data/noise/noise_153.mseed,noise
IU,ANMO,seismometer,34.9459,-106.4572,1850.0,none,2021-02-22T20:19:00.000000Z,,,,0.0,0.0,data/noise/noise_154.mseed,noise
IU,ANMO,seismometer,34.9459,-106.4572,1850.0,none,2021-11-10T04:11:00.000000Z,,,,0.0,0.0,data/noise/noise_155.mseed,noise
IU,ANMO,seismometer,34.9459,-106.4572,1850.0,none,2021-05-23T20:12:00.000000Z,,,,0.0,0.0,data/noise/noise_156.mseed,noise
IU,ANMO,seismometer,34.9459,-106.4572,1850.0,none,2021-03-05T01:32:00.000000Z,,,,0.0,0.0,data/noise/noise_157.mseed,noise
IU,ANMO,seismometer,34.9459,-106.4572,1850.0,none,2021-11-22T10:26:00.000000Z,,,,0.0,0.0,data/noise/noise_158.mseed,noise
IU,ANMO,seismometer,34.9459,-106.4572,1850.0,none,2021-10-28T13:33:00.000000Z,,,,0.0,0.0,data/noise/noise_159.mseed,noise
IU,ANMO,seismometer,34.9459,-106.4572,1850.0,none,2021-12-12T08:54:00.000000Z,,,,0.0,0.0,data/noise/noise_160.mseed,noise
IU,ANMO,seismometer,34.9459,-106.4572,1850.0,none,2021-09-16T15:48:00.000000Z,,,,0.0,0.0,data/noise/noise_161.mseed,noise
IU,ANMO,seismometer,34.9459,-106.4572,1850.0,none,2021-02-26T22:24:00.000000Z,,,,0.0,0.0,data/noise/noise_162.mseed,noise
IU,ANMO,seismometer,34.9459,-106.4572,1850.0,none,2021-01-18T14:19:00.000000Z,,,,0.0,0.0,data/noise/noise_163.mseed,noise
IU,ANMO,seismometer,34.9459,-106.4572,1850.0,none,2021-11-21T21:06:00.000000Z,,,,0.0,0.0,data/noise/noise_164.mseed,noise
IU,ANMO,seismometer,34.9459,-106.4572,1850.0,none,2021-09-27T21:10:00.000000Z,,,,0.0,0.0,data/noise/noise_165.mseed,noise
IU,ANMO,seismometer,34.9459,-106.4572,1850.0,none,2021-11-11T00:00:00.000000Z,,,,0.0,0.0,data/noise/noise_166.mseed,noise
IU,ANMO,seismometer,34.9459,-106.4572,1850.0,none,2021-11-05T18:36:00.000000Z,,,,0.0,0.0,data/noise/noise_167.mseed,noise
IU,ANMO,seismometer,34.9459,-106.4572,1850.0,none,2021-09-15T00:19:00.000000Z,,,,0.0,0.0,data/noise/noise_168.mseed,noise
IU,ANMO,seismometer,34.9459,-106.4572,1850.0,none,2021-07-03T07:07:00.000000Z,,,,0.0,0.0,data/noise/noise_169.mseed,noise
IU,ANMO,seismometer,34.9459,-106.4572,1850.0,none,2021-09-27T05:16:00.000000Z,,,,0.0,0.0,data/noise/noise_170.mseed,noise
IU,ANMO,seismometer,34.9459,-106.4572,1850.0,none,2021-12-20T17:41:00.000000Z,,,,0.0,0.0,data/noise/noise_171.mseed,noise
IU,ANMO,seismometer,34.9459,-106.4572,1850.0,none,2021-02-16T02:05:00.000000Z,,,,0.0,0.0,data/noise/noise_172.mseed,noise
IU,ANMO,seismometer,34.9459,-106.4572,1850.0,none,2021-04-08T20:16:00.000000Z,,,,0.0,0.0,data/noise/noise_173.mseed,noise
IU,ANMO,seismometer,34.9459,-106.4572,1850.0,none,2021-12-23T10:21:00.000000Z,,,,0.0,0.0,data/noise/noise_174.mseed,noise
IU,ANMO,seismometer,34.9459,-106.4572,1850.0,none,2021-12-05T20:02:00.000000Z,,,,0.0,0.0,data/noise/noise_175.mseed,noise
IU,ANMO,seismometer,34.9459,-106.4572,1850.0,none,2021-07-15T22:46:00.000000Z,,,,0.0,0.0,data/noise/noise_176.mseed,noise
IU,ANMO,seismometer,34.9459,-106.4572,1850.0,none,2021-10-07T09:08:00.000000Z,,,,0.0,0.0,data/noise/noise_177.mseed,noise
IU,ANMO,seismometer,34.9459,-106.4572,1850.0,none,2021-05-10T21:31:00.000000Z,,,,0.0,0.0,data/noise/noise_178.mseed,noise
IU,ANMO,seismometer,34.9459,-106.4572,1850.0,none,2021-10-15T01:10:00.000000Z,,,,0.0,0.0,data/noise/noise_179.mseed,noise
IU,ANMO,seismometer,34.9459,-106.4572,1850.0,none,2021-01-30T10:35:00.000000Z,,,,0.0,0.0,data/noise/noise_180.mseed,noise
IU,ANMO,seismometer,34.9459,-106.4572,1850.0,none,2021-02-18T03:43:00.000000Z,,,,0.0,0.0,data/noise/noise_181.mseed,noise
IU,ANMO,seismometer,34.9459,-106.4572,1850.0,none,2021-07-18T13:10:00.000000Z,,,,0.0,0.0,data/noise/noise_182.mseed,noise
IU,ANMO,seismometer,34.9459,-106.4572,1850.0,none,2021-05-24T00:19:00.000000Z,,,,0.0,0.0,data/noise/noise_183.mseed,noise
IU,ANMO,seismometer,34.9459,-106.4572,1850.0,none,2021-02-17T03:55:00.000000Z,,,,0.0,0.0,data/noise/noise_184.mseed,noise
IU,ANMO,seismometer,34.9459,-106.4572,1850.0,none,2021-03-05T16:02:00.000000Z,,,,0.0,0.0,data/noise/noise_185.mseed,noise
IU,ANMO,seismometer,34.9459,-106.4572,1850.0,none,2021-12-11T03:58:00.000000Z,,,,0.0,0.0,data/noise/noise_186.mseed,noise
IU,ANMO,seismometer,34.9459,-106.4572,1850.0,none,2021-11-19T09:44:00.000000Z,,,,0.0,0.0,data/noise/noise_187.mseed,noise
IU,ANMO,seismometer,34.9459,-106.4572,1850.0,none,2021-10-09T04:03:00.000000Z,,,,0.0,0.0,data/noise/noise_188.mseed,noise
IU,ANMO,seismometer,34.9459,-106.4572,1850.0,none,2021-04-01T05:32:00.000000Z,,,,0.0,0.0,data/noise/noise_189.mseed,noise
IU,ANMO,seismometer,34.9459,-106.4572,1850.0,none,2021-02-09T07:07:00.000000Z,,,,0.0,0.0,data/noise/noise_190.mseed,noise
IU,ANMO,seismometer,34.9459,-106.4572,1850.0,none,2021-08-15T03:53:00.000000Z,,,,0.0,0.0,data/noise/noise_191.mseed,noise
IU,ANMO,seismometer,34.9459,-106.4572,1850.0,none,2021-03-13T00:21:00.000000Z,,,,0.0,0.0,data/noise/noise_192.mseed,noise
IU,ANMO,seismometer,34.9459,-106.4572,1850.0,none,2021-08-30T23:25:00.000000Z,,,,0.0,0.0,data/noise/noise_193.mseed,noise
IU,ANMO,seismometer,34.9459,-106.4572,1850.0,none,2021-09-13T12:28:00.000000Z,,,,0.0,0.0,data/noise/noise_194.mseed,noise
IU,ANMO,seismometer,34.9459,-106.4572,1850.0,none,2021-04-07T02:43:00.000000Z,,,,0.0,0.0,data/noise/noise_195.mseed,noise
IU,ANMO,seismometer,34.9459,-106.4572,1850.0,none,2021-10-01T04:16:00.000000Z,,,,0.0,0.0,data/noise/noise_196.mseed,noise
IU,ANMO,seismometer,34.9459,-106.4572,1850.0,none,2021-07-02T00:49:00.000000Z,,,,0.0,0.0,data/noise/noise_197.mseed,noise
IU,ANMO,seismometer,34.9459,-106.4572,1850.0,none,2021-02-02T05:19:00.000000Z,,,,0.0,0.0,data/noise/noise_198.mseed,noise
IU,ANMO,seismometer,34.9459,-106.4572,1850.0,none,2021-11-23T21:23:00.000000Z,,,,0.0,0.0,data/noise/noise_199.mseed,noise
XX,FLAT,synthetic,0.0,0.0,0.0,none,2021-01-01T00:00:00.000000Z,,,,0.0,0.0,data/flat/flat_0.mseed,flat
XX,FLAT,synthetic,0.0,0.0,0.0,none,2021-01-01T00:01:40.000000Z,,,,0.0,0.0,data/flat/flat_1.mseed,flat
XX,FLAT,synthetic,0.0,0.0,0.0,none,2021-01-01T00:03:20.000000Z,,,,0.0,0.0,data/flat/flat_2.mseed,flat
XX,FLAT,synthetic,0.0,0.0,0.0,none,2021-01-01T00:05:00.000000Z,,,,0.0,0.0,data/flat/flat_3.mseed,flat
XX,FLAT,synthetic,0.0,0.0,0.0,none,2021-01-01T00:06:40.000000Z,,,,0.0,0.0,data/flat/flat_4.mseed,flat
XX,FLAT,synthetic,0.0,0.0,0.0,none,2021-01-01T00:08:20.000000Z,,,,0.0,0.0,data/flat/flat_5.mseed,flat
XX,FLAT,synthetic,0.0,0.0,0.0,none,2021-01-01T00:10:00.000000Z,,,,0.0,0.0,data/flat/flat_6.mseed,flat
XX,FLAT,synthetic,0.0,0.0,0.0,none,2021-01-01T00:11:40.000000Z,,,,0.0,0.0,data/flat/flat_7.mseed,flat
XX,FLAT,synthetic,0.0,0.0,0.0,none,2021-01-01T00:13:20.000000Z,,,,0.0,0.0,data/flat/flat_8.mseed,flat
XX,FLAT,synthetic,0.0,0.0,0.0,none,2021-01-01T00:15:00.000000Z,,,,0.0,0.0,data/flat/flat_9.mseed,flat
XX,FLAT,synthetic,0.0,0.0,0.0,none,2021-01-01T00:16:40.000000Z,,,,0.0,0.0,data/flat/flat_10.mseed,flat
XX,FLAT,synthetic,0.0,0.0,0.0,none,2021-01-01T00:18:20.000000Z,,,,0.0,0.0,data/flat/flat_11.mseed,flat
XX,FLAT,synthetic,0.0,0.0,0.0,none,2021-01-01T00:20:00.000000Z,,,,0.0,0.0,data/flat/flat_12.mseed,flat
XX,FLAT,synthetic,0.0,0.0,0.0,none,2021-01-01T00:21:40.000000Z,,,,0.0,0.0,data/flat/flat_13.mseed,flat
XX,FLAT,synthetic,0.0,0.0,0.0,none,2021-01-01T00:23:20.000000Z,,,,0.0,0.0,data/flat/flat_14.mseed,flat
XX,FLAT,synthetic,0.0,0.0,0.0,none,2021-01-01T00:25:00.000000Z,,,,0.0,0.0,data/flat/flat_15.mseed,flat
XX,FLAT,synthetic,0.0,0.0,0.0,none,2021-01-01T00:26:40.000000Z,,,,0.0,0.0,data/flat/flat_16.mseed,flat
XX,FLAT,synthetic,0.0,0.0,0.0,none,2021-01-01T00:28:20.000000Z,,,,0.0,0.0,data/flat/flat_17.mseed,flat
XX,FLAT,synthetic,0.0,0.0,0.0,none,2021-01-01T00:30:00.000000Z,,,,0.0,0.0,data/flat/flat_18.mseed,flat
XX,FLAT,synthetic,0.0,0.0,0.0,none,2021-01-01T00:31:40.000000Z,,,,0.0,0.0,data/flat/flat_19.mseed,flat
XX,FLAT,synthetic,0.0,0.0,0.0,none,2021-01-01T00:33:20.000000Z,,,,0.0,0.0,data/flat/flat_20.mseed,flat
XX,FLAT,synthetic,0.0,0.0,0.0,none,2021-01-01T00:35:00.000000Z,,,,0.0,0.0,data/flat/flat_21.mseed,flat
XX,FLAT,synthetic,0.0,0.0,0.0,none,2021-01-01T00:36:40.000000Z,,,,0.0,0.0,data/flat/flat_22.mseed,flat
XX,FLAT,synthetic,0.0,0.0,0.0,none,2021-01-01T00:38:20.000000Z,,,,0.0,0.0,data/flat/flat_23.mseed,flat
XX,FLAT,synthetic,0.0,0.0,0.0,none,2021-01-01T00:40:00.000000Z,,,,0.0,0.0,data/flat/flat_24.mseed,flat
XX,FLAT,synthetic,0.0,0.0,0.0,none,2021-01-01T00:41:40.000000Z,,,,0.0,0.0,data/flat/flat_25.mseed,flat
XX,FLAT,synthetic,0.0,0.0,0.0,none,2021-01-01T00:43:20.000000Z,,,,0.0,0.0,data/flat/flat_26.mseed,flat
XX,FLAT,synthetic,0.0,0.0,0.0,none,2021-01-01T00:45:00.000000Z,,,,0.0,0.0,data/flat/flat_27.mseed,flat
XX,FLAT,synthetic,0.0,0.0,0.0,none,2021-01-01T00:46:40.000000Z,,,,0.0,0.0,data/flat/flat_28.mseed,flat
XX,FLAT,synthetic,0.0,0.0,0.0,none,2021-01-01T00:48:20.000000Z,,,,0.0,0.0,data/flat/flat_29.mseed,flat
XX,FLAT,synthetic,0.0,0.0,0.0,none,2021-01-01T00:50:00.000000Z,,,,0.0,0.0,data/flat/flat_30.mseed,flat
XX,FLAT,synthetic,0.0,0.0,0.0,none,2021-01-01T00:51:40.000000Z,,,,0.0,0.0,data/flat/flat_31.mseed,flat
XX,FLAT,synthetic,0.0,0.0,0.0,none,2021-01-01T00:53:20.000000Z,,,,0.0,0.0,data/flat/flat_32.mseed,flat
XX,FLAT,synthetic,0.0,0.0,0.0,none,2021-01-01T00:55:00.000000Z,,,,0.0,0.0,data/flat/flat_33.mseed,flat
XX,FLAT,synthetic,0.0,0.0,0.0,none,2021-01-01T00:56:40.000000Z,,,,0.0,0.0,data/flat/flat_34.mseed,flat
XX,FLAT,synthetic,0.0,0.0,0.0,none,2021-01-01T00:58:20.000000Z,,,,0.0,0.0,data/flat/flat_35.mseed,flat
XX,FLAT,synthetic,0.0,0.0,0.0,none,2021-01-01T01:00:00.000000Z,,,,0.0,0.0,data/flat/flat_36.mseed,flat
XX,FLAT,synthetic,0.0,0.0,0.0,none,2021-01-01T01:01:40.000000Z,,,,0.0,0.0,data/flat/flat_37.mseed,flat
XX,FLAT,synthetic,0.0,0.0,0.0,none,2021-01-01T01:03:20.000000Z,,,,0.0,0.0,data/flat/flat_38.mseed,flat
XX,FLAT,synthetic,0.0,0.0,0.0,none,2021-01-01T01:05:00.000000Z,,,,0.0,0.0,data/flat/flat_39.mseed,flat
XX,FLAT,synthetic,0.0,0.0,0.0,none,2021-01-01T01:06:40.000000Z,,,,0.0,0.0,data/flat/flat_40.mseed,flat
XX,FLAT,synthetic,0.0,0.0,0.0,none,2021-01-01T01:08:20.000000Z,,,,0.0,0.0,data/flat/flat_41.mseed,flat
XX,FLAT,synthetic,0.0,0.0,0.0,none,2021-01-01T01:10:00.000000Z,,,,0.0,0.0,data/flat/flat_42.mseed,flat
XX,FLAT,synthetic,0.0,0.0,0.0,none,2021-01-01T01:11:40.000000Z,,,,0.0,0.0,data/flat/flat_43.mseed,flat
XX,FLAT,synthetic,0.0,0.0,0.0,none,2021-01-01T01:13:20.000000Z,,,,0.0,0.0,data/flat/flat_44.mseed,flat
XX,FLAT,synthetic,0.0,0.0,0.0,none,2021-01-01T01:15:00.000000Z,,,,0.0,0.0,data/flat/flat_45.mseed,flat
XX,FLAT,synthetic,0.0,0.0,0.0,none,2021-01-01T01:16:40.000000Z,,,,0.0,0.0,data/flat/flat_46.mseed,flat
XX,FLAT,synthetic,0.0,0.0,0.0,none,2021-01-01T01:18:20.000000Z,,,,0.0,0.0,data/flat/flat_47.mseed,flat
XX,FLAT,synthetic,0.0,0.0,0.0,none,2021-01-01T01:20:00.000000Z,,,,0.0,0.0,data/flat/flat_48.mseed,flat
XX,FLAT,synthetic,0.0,0.0,0.0,none,2021-01-01T01:21:40.000000Z,,,,0.0,0.0,data/flat/flat_49.mseed,flat
